Instance,Terminal,Layer,X location,Y location,Voltage
FILLER_80_701,VPWR,li1,327.9800,223.0400,1.800000
FILLER_80_697,VPWR,li1,324.0700,223.0400,1.800000
FILLER_80_685,VPWR,li1,320.6200,223.0400,1.800000
FILLER_80_673,VPWR,li1,315.1000,223.0400,1.800000
FILLER_80_669,VPWR,li1,311.1900,223.0400,1.800000
FILLER_80_657,VPWR,li1,307.7400,223.0400,1.800000
FILLER_80_645,VPWR,li1,302.2200,223.0400,1.800000
FILLER_80_641,VPWR,li1,298.3100,223.0400,1.800000
FILLER_80_629,VPWR,li1,294.8600,223.0400,1.800000
FILLER_80_617,VPWR,li1,289.3400,223.0400,1.800000
FILLER_80_613,VPWR,li1,285.4300,223.0400,1.800000
FILLER_80_601,VPWR,li1,281.9800,223.0400,1.800000
FILLER_80_589,VPWR,li1,276.4600,223.0400,1.800000
FILLER_80_585,VPWR,li1,272.5500,223.0400,1.800000
FILLER_80_573,VPWR,li1,269.1000,223.0400,1.800000
FILLER_80_561,VPWR,li1,263.5800,223.0400,1.800000
FILLER_80_557,VPWR,li1,259.6700,223.0400,1.800000
FILLER_80_545,VPWR,li1,256.2200,223.0400,1.800000
FILLER_80_533,VPWR,li1,250.7000,223.0400,1.800000
FILLER_80_531,VPWR,li1,247.2500,223.0400,1.800000
FILLER_80_519,VPWR,li1,244.2600,223.0400,1.800000
FILLER_80_489,VPWR,li1,229.0800,223.0400,1.800000
FILLER_80_477,VPWR,li1,224.9400,223.0400,1.800000
FILLER_80_475,VPWR,li1,221.4900,223.0400,1.800000
FILLER_80_445,VPWR,li1,208.1500,223.0400,1.800000
FILLER_80_418,VPWR,li1,195.5000,223.0400,1.800000
FILLER_80_393,VPWR,li1,184.0000,223.0400,1.800000
FILLER_80_391,VPWR,li1,182.8500,223.0400,1.800000
FILLER_80_385,VPWR,li1,181.2400,223.0400,1.800000
FILLER_80_365,VPWR,li1,171.3500,223.0400,1.800000
FILLER_80_361,VPWR,li1,169.5100,223.0400,1.800000
FILLER_80_349,VPWR,li1,163.9900,223.0400,1.800000
FILLER_80_337,VPWR,li1,160.5400,223.0400,1.800000
FILLER_80_335,VPWR,li1,157.0900,223.0400,1.800000
FILLER_80_279,VPWR,li1,131.3300,223.0400,1.800000
FILLER_80_257,VPWR,li1,121.2100,223.0400,1.800000
FILLER_80_251,VPWR,li1,118.4500,223.0400,1.800000
FILLER_80_240,VPWR,li1,113.8500,223.0400,1.800000
FILLER_80_214,VPWR,li1,101.6600,223.0400,1.800000
FILLER_80_169,VPWR,li1,80.7300,223.0400,1.800000
FILLER_80_161,VPWR,li1,77.0500,223.0400,1.800000
FILLER_80_136,VPWR,li1,66.2400,223.0400,1.800000
FILLER_80_106,VPWR,li1,52.2100,223.0400,1.800000
FILLER_80_100,VPWR,li1,49.4500,223.0400,1.800000
FILLER_80_94,VPWR,li1,46.6900,223.0400,1.800000
FILLER_80_88,VPWR,li1,43.9300,223.0400,1.800000
FILLER_80_82,VPWR,li1,40.9400,223.0400,1.800000
FILLER_80_76,VPWR,li1,38.4100,223.0400,1.800000
FILLER_80_70,VPWR,li1,35.6500,223.0400,1.800000
FILLER_80_64,VPWR,li1,32.8900,223.0400,1.800000
FILLER_80_57,VPWR,li1,29.9000,223.0400,1.800000
FILLER_80_53,VPWR,li1,27.8300,223.0400,1.800000
FILLER_80_41,VPWR,li1,24.3800,223.0400,1.800000
FILLER_80_29,VPWR,li1,18.8600,223.0400,1.800000
FILLER_80_27,VPWR,li1,15.4100,223.0400,1.800000
FILLER_80_15,VPWR,li1,12.4200,223.0400,1.800000
FILLER_80_3,VPWR,li1,6.9000,223.0400,1.800000
FILLER_79_709,VPWR,li1,329.8200,217.6000,1.800000
FILLER_79_697,VPWR,li1,326.1400,217.6000,1.800000
FILLER_79_685,VPWR,li1,320.6200,217.6000,1.800000
FILLER_79_673,VPWR,li1,315.1000,217.6000,1.800000
FILLER_79_671,VPWR,li1,311.6500,217.6000,1.800000
FILLER_79_665,VPWR,li1,310.0400,217.6000,1.800000
FILLER_79_653,VPWR,li1,305.9000,217.6000,1.800000
FILLER_79_641,VPWR,li1,300.3800,217.6000,1.800000
FILLER_79_629,VPWR,li1,294.8600,217.6000,1.800000
FILLER_79_617,VPWR,li1,289.3400,217.6000,1.800000
FILLER_79_615,VPWR,li1,285.8900,217.6000,1.800000
FILLER_79_609,VPWR,li1,284.2800,217.6000,1.800000
FILLER_79_597,VPWR,li1,280.1400,217.6000,1.800000
FILLER_79_585,VPWR,li1,274.6200,217.6000,1.800000
FILLER_79_573,VPWR,li1,269.1000,217.6000,1.800000
FILLER_79_561,VPWR,li1,263.5800,217.6000,1.800000
FILLER_79_554,VPWR,li1,258.9800,217.6000,1.800000
FILLER_79_542,VPWR,li1,254.8400,217.6000,1.800000
FILLER_79_530,VPWR,li1,249.3200,217.6000,1.800000
FILLER_79_520,VPWR,li1,242.4200,217.6000,1.800000
FILLER_79_483,VPWR,li1,225.1700,217.6000,1.799999
FILLER_79_479,VPWR,li1,224.0200,217.6000,1.799999
FILLER_79_449,VPWR,li1,209.7600,217.6000,1.799999
FILLER_79_446,VPWR,li1,208.3800,217.6000,1.799999
FILLER_79_389,VPWR,li1,182.3900,217.6000,1.799999
FILLER_79_341,VPWR,li1,160.0800,217.6000,1.799999
FILLER_79_251,VPWR,li1,118.4500,217.6000,1.799999
FILLER_79_222,VPWR,li1,105.3400,217.6000,1.799999
FILLER_79_184,VPWR,li1,87.6300,217.6000,1.799999
FILLER_79_163,VPWR,li1,77.9700,217.6000,1.799999
FILLER_79_129,VPWR,li1,62.5600,217.6000,1.799999
FILLER_79_118,VPWR,li1,57.5000,217.6000,1.799999
FILLER_79_113,VPWR,li1,55.2000,217.6000,1.799999
FILLER_79_111,VPWR,li1,54.0500,217.6000,1.799999
FILLER_79_105,VPWR,li1,52.4400,217.6000,1.799999
FILLER_79_93,VPWR,li1,48.3000,217.6000,1.799999
FILLER_79_81,VPWR,li1,42.7800,217.6000,1.799999
FILLER_79_69,VPWR,li1,37.2600,217.6000,1.800000
FILLER_79_57,VPWR,li1,31.7400,217.6000,1.800000
FILLER_79_55,VPWR,li1,28.2900,217.6000,1.800000
FILLER_79_51,VPWR,li1,27.1400,217.6000,1.800000
FILLER_79_39,VPWR,li1,23.4600,217.6000,1.800000
FILLER_79_27,VPWR,li1,17.9400,217.6000,1.800000
FILLER_79_15,VPWR,li1,12.4200,217.6000,1.800000
FILLER_79_3,VPWR,li1,6.9000,217.6000,1.800000
FILLER_78_701,VPWR,li1,327.9800,217.6000,1.800000
FILLER_78_699,VPWR,li1,324.5300,217.6000,1.800000
FILLER_78_693,VPWR,li1,322.9200,217.6000,1.800000
FILLER_78_681,VPWR,li1,318.7800,217.6000,1.800000
FILLER_78_669,VPWR,li1,313.2600,217.6000,1.800000
FILLER_78_657,VPWR,li1,307.7400,217.6000,1.800000
FILLER_78_645,VPWR,li1,302.2200,217.6000,1.800000
FILLER_78_643,VPWR,li1,298.7700,217.6000,1.800000
FILLER_78_637,VPWR,li1,297.1600,217.6000,1.800000
FILLER_78_625,VPWR,li1,293.0200,217.6000,1.800000
FILLER_78_613,VPWR,li1,287.5000,217.6000,1.800000
FILLER_78_601,VPWR,li1,281.9800,217.6000,1.800000
FILLER_78_589,VPWR,li1,276.4600,217.6000,1.800000
FILLER_78_585,VPWR,li1,272.5500,217.6000,1.800000
FILLER_78_577,VPWR,li1,270.0200,217.6000,1.800000
FILLER_78_565,VPWR,li1,265.4200,217.6000,1.800000
FILLER_78_545,VPWR,li1,254.8400,217.6000,1.800000
FILLER_78_533,VPWR,li1,250.7000,217.6000,1.800000
FILLER_78_490,VPWR,li1,228.3900,217.6000,1.799999
FILLER_78_486,VPWR,li1,227.2400,217.6000,1.799999
FILLER_78_418,VPWR,li1,195.5000,217.6000,1.799999
FILLER_78_397,VPWR,li1,185.6100,217.6000,1.799999
FILLER_78_393,VPWR,li1,184.4600,217.6000,1.799999
FILLER_78_343,VPWR,li1,160.7700,217.6000,1.799999
FILLER_78_339,VPWR,li1,159.6200,217.6000,1.799999
FILLER_78_286,VPWR,li1,134.7800,217.6000,1.799999
FILLER_78_251,VPWR,li1,118.4500,217.6000,1.799999
FILLER_78_190,VPWR,li1,91.5400,217.6000,1.799999
FILLER_78_139,VPWR,li1,66.9300,217.6000,1.799999
FILLER_78_97,VPWR,li1,47.6100,217.6000,1.799999
FILLER_78_85,VPWR,li1,44.6200,217.6000,1.799999
FILLER_78_83,VPWR,li1,41.1700,217.6000,1.799999
FILLER_78_77,VPWR,li1,39.5600,217.6000,1.799999
FILLER_78_65,VPWR,li1,35.4200,217.6000,1.800000
FILLER_78_53,VPWR,li1,29.9000,217.6000,1.800000
FILLER_78_41,VPWR,li1,24.3800,217.6000,1.800000
FILLER_78_29,VPWR,li1,18.8600,217.6000,1.800000
FILLER_78_27,VPWR,li1,15.4100,217.6000,1.800000
FILLER_78_15,VPWR,li1,12.4200,217.6000,1.800000
FILLER_78_3,VPWR,li1,6.9000,217.6000,1.800000
FILLER_77_709,VPWR,li1,329.8200,212.1600,1.800000
FILLER_77_697,VPWR,li1,326.1400,212.1600,1.800000
FILLER_77_685,VPWR,li1,320.6200,212.1600,1.800000
FILLER_77_673,VPWR,li1,315.1000,212.1600,1.800000
FILLER_77_671,VPWR,li1,311.6500,212.1600,1.800000
FILLER_77_665,VPWR,li1,310.0400,212.1600,1.800000
FILLER_77_653,VPWR,li1,305.9000,212.1600,1.800000
FILLER_77_641,VPWR,li1,300.3800,212.1600,1.800000
FILLER_77_629,VPWR,li1,294.8600,212.1600,1.800000
FILLER_77_617,VPWR,li1,289.3400,212.1600,1.800000
FILLER_77_608,VPWR,li1,284.2800,212.1600,1.800000
FILLER_77_596,VPWR,li1,279.6800,212.1600,1.800000
FILLER_77_584,VPWR,li1,274.1600,212.1600,1.800000
FILLER_77_573,VPWR,li1,267.0300,212.1600,1.800000
FILLER_77_565,VPWR,li1,264.5000,212.1600,1.800000
FILLER_77_557,VPWR,li1,259.6700,212.1600,1.800000
FILLER_77_536,VPWR,li1,249.5500,212.1600,1.800000
FILLER_77_514,VPWR,li1,240.1200,212.1600,1.800000
FILLER_77_481,VPWR,li1,224.2500,212.1600,1.800000
FILLER_77_449,VPWR,li1,209.9900,212.1600,1.799999
FILLER_77_445,VPWR,li1,208.1500,212.1600,1.799999
FILLER_77_435,VPWR,li1,203.0900,212.1600,1.799999
FILLER_77_393,VPWR,li1,183.7700,212.1600,1.799999
FILLER_77_372,VPWR,li1,174.1100,212.1600,1.799999
FILLER_77_337,VPWR,li1,159.1600,212.1600,1.799999
FILLER_77_335,VPWR,li1,157.0900,212.1600,1.799999
FILLER_77_331,VPWR,li1,155.9400,212.1600,1.799999
FILLER_77_318,VPWR,li1,149.9600,212.1600,1.799999
FILLER_77_308,VPWR,li1,144.6700,212.1600,1.799999
FILLER_77_284,VPWR,li1,133.8600,212.1600,1.799999
FILLER_77_265,VPWR,li1,126.0400,212.1600,1.799999
FILLER_77_223,VPWR,li1,105.5700,212.1600,1.799999
FILLER_77_193,VPWR,li1,91.7700,212.1600,1.799999
FILLER_77_189,VPWR,li1,90.6200,212.1600,1.799999
FILLER_77_113,VPWR,li1,57.5000,212.1600,1.800000
FILLER_77_111,VPWR,li1,54.0500,212.1600,1.800000
FILLER_77_105,VPWR,li1,52.4400,212.1600,1.800000
FILLER_77_93,VPWR,li1,48.3000,212.1600,1.800000
FILLER_77_81,VPWR,li1,42.7800,212.1600,1.800000
FILLER_77_69,VPWR,li1,37.2600,212.1600,1.800000
FILLER_77_57,VPWR,li1,31.7400,212.1600,1.800000
FILLER_77_55,VPWR,li1,28.2900,212.1600,1.800000
FILLER_77_51,VPWR,li1,27.1400,212.1600,1.800000
FILLER_77_39,VPWR,li1,23.4600,212.1600,1.800000
FILLER_77_27,VPWR,li1,17.9400,212.1600,1.800000
FILLER_77_15,VPWR,li1,12.4200,212.1600,1.800000
FILLER_77_3,VPWR,li1,6.9000,212.1600,1.800000
FILLER_76_701,VPWR,li1,327.9800,212.1600,1.800000
FILLER_76_699,VPWR,li1,324.5300,212.1600,1.800000
FILLER_76_693,VPWR,li1,322.9200,212.1600,1.800000
FILLER_76_681,VPWR,li1,318.7800,212.1600,1.800000
FILLER_76_669,VPWR,li1,313.2600,212.1600,1.800000
FILLER_76_657,VPWR,li1,307.7400,212.1600,1.800000
FILLER_76_645,VPWR,li1,302.2200,212.1600,1.800000
FILLER_76_641,VPWR,li1,298.3100,212.1600,1.800000
FILLER_76_629,VPWR,li1,294.8600,212.1600,1.800000
FILLER_76_617,VPWR,li1,289.3400,212.1600,1.800000
FILLER_76_605,VPWR,li1,283.8200,212.1600,1.800000
FILLER_76_593,VPWR,li1,278.3000,212.1600,1.800000
FILLER_76_585,VPWR,li1,272.5500,212.1600,1.800000
FILLER_76_541,VPWR,li1,252.3100,212.1600,1.800000
FILLER_76_533,VPWR,li1,249.7800,212.1600,1.800000
FILLER_76_475,VPWR,li1,221.4900,212.1600,1.800000
FILLER_76_448,VPWR,li1,209.0700,212.1600,1.799999
FILLER_76_429,VPWR,li1,200.5600,212.1600,1.799999
FILLER_76_418,VPWR,li1,195.5000,212.1600,1.799999
FILLER_76_392,VPWR,li1,184.0000,212.1600,1.799999
FILLER_76_374,VPWR,li1,175.0300,212.1600,1.799999
FILLER_76_359,VPWR,li1,168.1300,212.1600,1.799999
FILLER_76_330,VPWR,li1,157.3200,212.1600,1.799999
FILLER_76_321,VPWR,li1,150.6500,212.1600,1.799999
FILLER_76_317,VPWR,li1,149.5000,212.1600,1.799999
FILLER_76_306,VPWR,li1,143.9800,212.1600,1.799999
FILLER_76_282,VPWR,li1,133.4000,212.1600,1.799999
FILLER_76_242,VPWR,li1,114.3100,212.1600,1.799999
FILLER_76_238,VPWR,li1,113.1600,212.1600,1.799999
FILLER_76_232,VPWR,li1,110.4000,212.1600,1.799999
FILLER_76_208,VPWR,li1,99.3600,212.1600,1.799999
FILLER_76_194,VPWR,li1,92.4600,212.1600,1.799999
FILLER_76_174,VPWR,li1,83.2600,212.1600,1.799999
FILLER_76_153,VPWR,li1,73.3700,212.1600,1.799999
FILLER_76_141,VPWR,li1,70.3800,212.1600,1.799999
FILLER_76_134,VPWR,li1,65.7800,212.1600,1.799999
FILLER_76_122,VPWR,li1,61.6400,212.1600,1.799999
FILLER_76_83,VPWR,li1,41.1700,212.1600,1.800000
FILLER_76_77,VPWR,li1,39.5600,212.1600,1.800000
FILLER_76_65,VPWR,li1,35.4200,212.1600,1.800000
FILLER_76_53,VPWR,li1,29.9000,212.1600,1.800000
FILLER_76_41,VPWR,li1,24.3800,212.1600,1.800000
FILLER_76_29,VPWR,li1,18.8600,212.1600,1.800000
FILLER_76_27,VPWR,li1,15.4100,212.1600,1.800000
FILLER_76_15,VPWR,li1,12.4200,212.1600,1.800000
FILLER_76_3,VPWR,li1,6.9000,212.1600,1.800000
FILLER_75_709,VPWR,li1,329.8200,206.7200,1.800000
FILLER_75_697,VPWR,li1,326.1400,206.7200,1.800000
FILLER_75_685,VPWR,li1,320.6200,206.7200,1.800000
FILLER_75_673,VPWR,li1,315.1000,206.7200,1.800000
FILLER_75_671,VPWR,li1,311.6500,206.7200,1.800000
FILLER_75_659,VPWR,li1,308.6600,206.7200,1.800000
FILLER_75_647,VPWR,li1,303.1400,206.7200,1.800000
FILLER_75_635,VPWR,li1,297.6200,206.7200,1.800000
FILLER_75_623,VPWR,li1,292.1000,206.7200,1.800000
FILLER_75_587,VPWR,li1,273.0100,206.7200,1.800000
FILLER_75_532,VPWR,li1,249.3200,206.7200,1.800000
FILLER_75_481,VPWR,li1,224.7100,206.7200,1.799999
FILLER_75_460,VPWR,li1,214.5900,206.7200,1.799999
FILLER_75_449,VPWR,li1,209.7600,206.7200,1.799999
FILLER_75_444,VPWR,li1,207.9200,206.7200,1.799999
FILLER_75_423,VPWR,li1,197.5700,206.7200,1.799999
FILLER_75_393,VPWR,li1,183.7700,206.7200,1.799999
FILLER_75_380,VPWR,li1,178.4800,206.7200,1.799999
FILLER_75_365,VPWR,li1,170.8900,206.7200,1.799998
FILLER_75_361,VPWR,li1,169.7400,206.7200,1.799998
FILLER_75_337,VPWR,li1,158.7000,206.7200,1.799998
FILLER_75_335,VPWR,li1,157.0900,206.7200,1.799998
FILLER_75_327,VPWR,li1,155.0200,206.7200,1.799998
FILLER_75_320,VPWR,li1,150.1900,206.7200,1.799998
FILLER_75_314,VPWR,li1,148.5800,206.7200,1.799998
FILLER_75_301,VPWR,li1,142.1400,206.7200,1.799998
FILLER_75_279,VPWR,li1,131.3300,206.7200,1.799998
FILLER_75_198,VPWR,li1,94.0700,206.7200,1.799999
FILLER_75_169,VPWR,li1,81.1900,206.7200,1.799999
FILLER_75_151,VPWR,li1,74.0600,206.7200,1.799999
FILLER_75_119,VPWR,li1,57.7300,206.7200,1.799999
FILLER_75_113,VPWR,li1,56.1200,206.7200,1.799999
FILLER_75_100,VPWR,li1,49.4500,206.7200,1.799999
FILLER_75_77,VPWR,li1,38.8700,206.7200,1.799999
FILLER_75_69,VPWR,li1,36.3400,206.7200,1.799999
FILLER_75_57,VPWR,li1,31.7400,206.7200,1.800000
FILLER_75_55,VPWR,li1,28.2900,206.7200,1.800000
FILLER_75_51,VPWR,li1,27.1400,206.7200,1.800000
FILLER_75_39,VPWR,li1,23.4600,206.7200,1.800000
FILLER_75_27,VPWR,li1,17.9400,206.7200,1.800000
FILLER_75_15,VPWR,li1,12.4200,206.7200,1.800000
FILLER_75_3,VPWR,li1,6.9000,206.7200,1.800000
FILLER_74_701,VPWR,li1,327.9800,206.7200,1.800000
FILLER_74_699,VPWR,li1,324.5300,206.7200,1.800000
FILLER_74_693,VPWR,li1,322.9200,206.7200,1.800000
FILLER_74_681,VPWR,li1,318.7800,206.7200,1.800000
FILLER_74_669,VPWR,li1,313.2600,206.7200,1.800000
FILLER_74_657,VPWR,li1,307.7400,206.7200,1.800000
FILLER_74_645,VPWR,li1,302.2200,206.7200,1.800000
FILLER_74_636,VPWR,li1,297.1600,206.7200,1.800000
FILLER_74_624,VPWR,li1,292.5600,206.7200,1.800000
FILLER_74_585,VPWR,li1,272.5500,206.7200,1.800000
FILLER_74_549,VPWR,li1,255.5300,206.7200,1.800000
FILLER_74_543,VPWR,li1,253.9200,206.7200,1.800000
FILLER_74_533,VPWR,li1,248.1700,206.7200,1.800000
FILLER_74_531,VPWR,li1,247.2500,206.7200,1.800000
FILLER_74_523,VPWR,li1,245.1800,206.7200,1.800000
FILLER_74_455,VPWR,li1,212.2900,206.7200,1.799999
FILLER_74_451,VPWR,li1,211.1400,206.7200,1.799999
FILLER_74_430,VPWR,li1,200.7900,206.7200,1.799999
FILLER_74_363,VPWR,li1,169.9700,206.7200,1.799998
FILLER_74_317,VPWR,li1,148.8100,206.7200,1.799998
FILLER_74_309,VPWR,li1,146.7400,206.7200,1.799998
FILLER_74_265,VPWR,li1,125.3500,206.7200,1.799998
FILLER_74_253,VPWR,li1,119.8300,206.7200,1.799998
FILLER_74_240,VPWR,li1,114.0800,206.7200,1.799999
FILLER_74_197,VPWR,li1,94.7600,206.7200,1.799999
FILLER_74_186,VPWR,li1,88.7800,206.7200,1.799999
FILLER_74_156,VPWR,li1,74.7500,206.7200,1.799999
FILLER_74_150,VPWR,li1,73.1400,206.7200,1.799999
FILLER_74_119,VPWR,li1,57.7300,206.7200,1.799999
FILLER_74_85,VPWR,li1,42.5500,206.7200,1.799999
FILLER_74_83,VPWR,li1,41.1700,206.7200,1.799999
FILLER_74_77,VPWR,li1,39.5600,206.7200,1.799999
FILLER_74_65,VPWR,li1,35.4200,206.7200,1.799999
FILLER_74_53,VPWR,li1,29.9000,206.7200,1.800000
FILLER_74_41,VPWR,li1,24.3800,206.7200,1.800000
FILLER_74_29,VPWR,li1,18.8600,206.7200,1.800000
FILLER_74_27,VPWR,li1,15.4100,206.7200,1.800000
FILLER_74_15,VPWR,li1,12.4200,206.7200,1.800000
FILLER_74_3,VPWR,li1,6.9000,206.7200,1.800000
FILLER_73_709,VPWR,li1,329.8200,201.2800,1.800000
FILLER_73_697,VPWR,li1,326.1400,201.2800,1.800000
FILLER_73_685,VPWR,li1,320.6200,201.2800,1.800000
FILLER_73_673,VPWR,li1,315.1000,201.2800,1.800000
FILLER_73_671,VPWR,li1,311.6500,201.2800,1.800000
FILLER_73_665,VPWR,li1,310.0400,201.2800,1.800000
FILLER_73_653,VPWR,li1,305.9000,201.2800,1.800000
FILLER_73_641,VPWR,li1,300.3800,201.2800,1.800000
FILLER_73_629,VPWR,li1,294.8600,201.2800,1.800000
FILLER_73_617,VPWR,li1,289.3400,201.2800,1.800000
FILLER_73_614,VPWR,li1,285.6600,201.2800,1.800000
FILLER_73_561,VPWR,li1,261.5100,201.2800,1.800000
FILLER_73_514,VPWR,li1,240.5800,201.2800,1.800000
FILLER_73_498,VPWR,li1,233.2200,201.2800,1.800000
FILLER_73_441,VPWR,li1,206.3100,201.2800,1.799999
FILLER_73_429,VPWR,li1,200.7900,201.2800,1.799999
FILLER_73_399,VPWR,li1,186.5300,201.2800,1.799999
FILLER_73_393,VPWR,li1,184.9200,201.2800,1.799999
FILLER_73_370,VPWR,li1,173.4200,201.2800,1.799999
FILLER_73_298,VPWR,li1,140.0700,201.2800,1.799999
FILLER_73_234,VPWR,li1,110.6300,201.2800,1.799999
FILLER_73_221,VPWR,li1,105.1100,201.2800,1.799999
FILLER_73_197,VPWR,li1,94.3000,201.2800,1.799999
FILLER_73_169,VPWR,li1,82.3400,201.2800,1.799999
FILLER_73_122,VPWR,li1,60.2600,201.2800,1.799999
FILLER_73_81,VPWR,li1,41.8600,201.2800,1.800000
FILLER_73_69,VPWR,li1,37.2600,201.2800,1.800000
FILLER_73_57,VPWR,li1,31.7400,201.2800,1.800000
FILLER_73_55,VPWR,li1,28.2900,201.2800,1.800000
FILLER_73_51,VPWR,li1,27.1400,201.2800,1.800000
FILLER_73_39,VPWR,li1,23.4600,201.2800,1.800000
FILLER_73_27,VPWR,li1,17.9400,201.2800,1.800000
FILLER_73_15,VPWR,li1,12.4200,201.2800,1.800000
FILLER_73_3,VPWR,li1,6.9000,201.2800,1.800000
FILLER_72_701,VPWR,li1,327.9800,201.2800,1.800000
FILLER_72_699,VPWR,li1,324.5300,201.2800,1.800000
FILLER_72_693,VPWR,li1,322.9200,201.2800,1.800000
FILLER_72_681,VPWR,li1,318.7800,201.2800,1.800000
FILLER_72_669,VPWR,li1,313.2600,201.2800,1.800000
FILLER_72_657,VPWR,li1,307.7400,201.2800,1.800000
FILLER_72_645,VPWR,li1,302.2200,201.2800,1.800000
FILLER_72_642,VPWR,li1,298.5400,201.2800,1.800000
FILLER_72_634,VPWR,li1,296.2400,201.2800,1.800000
FILLER_72_614,VPWR,li1,285.6600,201.2800,1.800000
FILLER_72_607,VPWR,li1,282.2100,201.2800,1.800000
FILLER_72_595,VPWR,li1,276.6900,201.2800,1.800000
FILLER_72_589,VPWR,li1,275.0800,201.2800,1.800000
FILLER_72_587,VPWR,li1,273.0100,201.2800,1.800000
FILLER_72_581,VPWR,li1,271.4000,201.2800,1.800000
FILLER_72_553,VPWR,li1,258.0600,201.2800,1.800000
FILLER_72_514,VPWR,li1,239.4300,201.2800,1.800000
FILLER_72_505,VPWR,li1,235.2900,201.2800,1.800000
FILLER_72_483,VPWR,li1,225.1700,201.2800,1.799999
FILLER_72_477,VPWR,li1,223.5600,201.2800,1.799999
FILLER_72_464,VPWR,li1,216.4300,201.2800,1.799999
FILLER_72_458,VPWR,li1,214.8200,201.2800,1.799999
FILLER_72_398,VPWR,li1,186.3000,201.2800,1.799999
FILLER_72_377,VPWR,li1,176.4100,201.2800,1.799999
FILLER_72_365,VPWR,li1,173.4200,201.2800,1.799999
FILLER_72_362,VPWR,li1,169.7400,201.2800,1.799999
FILLER_72_354,VPWR,li1,167.4400,201.2800,1.799999
FILLER_72_350,VPWR,li1,164.2200,201.2800,1.799999
FILLER_72_338,VPWR,li1,161.0000,201.2800,1.799999
FILLER_72_265,VPWR,li1,125.3500,201.2800,1.799999
FILLER_72_253,VPWR,li1,119.8300,201.2800,1.799999
FILLER_72_230,VPWR,li1,109.4800,201.2800,1.799999
FILLER_72_197,VPWR,li1,94.3000,201.2800,1.799999
FILLER_72_190,VPWR,li1,91.5400,201.2800,1.799999
FILLER_72_147,VPWR,li1,70.6100,201.2800,1.799999
FILLER_72_141,VPWR,li1,69.0000,201.2800,1.799999
FILLER_72_130,VPWR,li1,62.7900,201.2800,1.799999
FILLER_72_124,VPWR,li1,61.1800,201.2800,1.799999
FILLER_72_85,VPWR,li1,42.5500,201.2800,1.800000
FILLER_72_83,VPWR,li1,41.1700,201.2800,1.800000
FILLER_72_77,VPWR,li1,39.5600,201.2800,1.800000
FILLER_72_65,VPWR,li1,35.4200,201.2800,1.800000
FILLER_72_53,VPWR,li1,29.9000,201.2800,1.800000
FILLER_72_41,VPWR,li1,24.3800,201.2800,1.800000
FILLER_72_29,VPWR,li1,18.8600,201.2800,1.800000
FILLER_72_27,VPWR,li1,15.4100,201.2800,1.800000
FILLER_72_15,VPWR,li1,12.4200,201.2800,1.800000
FILLER_72_3,VPWR,li1,6.9000,201.2800,1.800000
FILLER_71_709,VPWR,li1,329.8200,195.8400,1.800000
FILLER_71_697,VPWR,li1,326.1400,195.8400,1.800000
FILLER_71_685,VPWR,li1,320.6200,195.8400,1.800000
FILLER_71_673,VPWR,li1,315.1000,195.8400,1.800000
FILLER_71_660,VPWR,li1,309.1200,195.8400,1.800000
FILLER_71_648,VPWR,li1,303.6000,195.8400,1.800000
FILLER_71_607,VPWR,li1,282.2100,195.8400,1.800000
FILLER_71_558,VPWR,li1,259.9000,195.8400,1.800000
FILLER_71_514,VPWR,li1,240.5800,195.8400,1.800000
FILLER_71_502,VPWR,li1,234.1400,195.8400,1.800000
FILLER_71_458,VPWR,li1,214.3600,195.8400,1.799999
FILLER_71_410,VPWR,li1,191.5900,195.8400,1.799999
FILLER_71_402,VPWR,li1,189.5200,195.8400,1.799999
FILLER_71_390,VPWR,li1,182.6200,195.8400,1.799999
FILLER_71_380,VPWR,li1,177.7900,195.8400,1.799999
FILLER_71_369,VPWR,li1,173.1900,195.8400,1.799999
FILLER_71_337,VPWR,li1,158.7000,195.8400,1.799999
FILLER_71_333,VPWR,li1,156.6300,195.8400,1.799999
FILLER_71_294,VPWR,li1,138.2300,195.8400,1.799999
FILLER_71_258,VPWR,li1,121.9000,195.8400,1.799999
FILLER_71_234,VPWR,li1,111.3200,195.8400,1.799999
FILLER_71_218,VPWR,li1,104.4200,195.8400,1.799999
FILLER_71_155,VPWR,li1,74.9800,195.8400,1.799999
FILLER_71_122,VPWR,li1,59.8000,195.8400,1.799999
FILLER_71_108,VPWR,li1,53.3600,195.8400,1.799999
FILLER_71_87,VPWR,li1,43.0100,195.8400,1.799999
FILLER_71_77,VPWR,li1,38.6400,195.8400,1.799999
FILLER_71_69,VPWR,li1,36.3400,195.8400,1.800000
FILLER_71_57,VPWR,li1,31.7400,195.8400,1.800000
FILLER_71_55,VPWR,li1,28.2900,195.8400,1.800000
FILLER_71_51,VPWR,li1,27.1400,195.8400,1.800000
FILLER_71_39,VPWR,li1,23.4600,195.8400,1.800000
FILLER_71_27,VPWR,li1,17.9400,195.8400,1.800000
FILLER_71_15,VPWR,li1,12.4200,195.8400,1.800000
FILLER_71_3,VPWR,li1,6.9000,195.8400,1.800000
FILLER_70_701,VPWR,li1,327.9800,195.8400,1.800000
FILLER_70_699,VPWR,li1,324.5300,195.8400,1.800000
FILLER_70_693,VPWR,li1,322.9200,195.8400,1.800000
FILLER_70_681,VPWR,li1,318.7800,195.8400,1.800000
FILLER_70_669,VPWR,li1,313.2600,195.8400,1.800000
FILLER_70_657,VPWR,li1,307.7400,195.8400,1.800000
FILLER_70_645,VPWR,li1,302.2200,195.8400,1.800000
FILLER_70_643,VPWR,li1,298.7700,195.8400,1.800000
FILLER_70_613,VPWR,li1,284.9700,195.8400,1.800000
FILLER_70_609,VPWR,li1,283.8200,195.8400,1.800000
FILLER_70_584,VPWR,li1,272.3200,195.8400,1.800000
FILLER_70_555,VPWR,li1,258.2900,195.8400,1.800000
FILLER_70_551,VPWR,li1,257.1400,195.8400,1.800000
FILLER_70_539,VPWR,li1,250.9300,195.8400,1.800000
FILLER_70_533,VPWR,li1,249.3200,195.8400,1.800000
FILLER_70_521,VPWR,li1,242.8800,195.8400,1.800000
FILLER_70_483,VPWR,li1,225.1700,195.8400,1.800000
FILLER_70_477,VPWR,li1,223.5600,195.8400,1.799999
FILLER_70_465,VPWR,li1,217.1200,195.8400,1.799999
FILLER_70_443,VPWR,li1,206.7700,195.8400,1.799999
FILLER_70_439,VPWR,li1,205.6200,195.8400,1.799999
FILLER_70_393,VPWR,li1,183.7700,195.8400,1.799999
FILLER_70_385,VPWR,li1,181.7000,195.8400,1.799999
FILLER_70_363,VPWR,li1,169.9700,195.8400,1.799999
FILLER_70_355,VPWR,li1,167.9000,195.8400,1.799999
FILLER_70_307,VPWR,li1,144.2100,195.8400,1.799999
FILLER_70_299,VPWR,li1,142.1400,195.8400,1.799999
FILLER_70_287,VPWR,li1,137.5400,195.8400,1.799999
FILLER_70_240,VPWR,li1,114.0800,195.8400,1.799999
FILLER_70_172,VPWR,li1,82.8000,195.8400,1.799999
FILLER_70_154,VPWR,li1,73.8300,195.8400,1.799999
FILLER_70_141,VPWR,li1,68.5400,195.8400,1.799999
FILLER_70_130,VPWR,li1,62.7900,195.8400,1.799999
FILLER_70_126,VPWR,li1,61.6400,195.8400,1.799999
FILLER_70_99,VPWR,li1,49.2200,195.8400,1.799999
FILLER_70_89,VPWR,li1,43.9300,195.8400,1.799999
FILLER_70_85,VPWR,li1,42.7800,195.8400,1.799999
FILLER_70_61,VPWR,li1,31.5100,195.8400,1.800000
FILLER_70_53,VPWR,li1,28.9800,195.8400,1.800000
FILLER_70_41,VPWR,li1,24.3800,195.8400,1.800000
FILLER_70_29,VPWR,li1,18.8600,195.8400,1.800000
FILLER_70_27,VPWR,li1,15.4100,195.8400,1.800000
FILLER_70_15,VPWR,li1,12.4200,195.8400,1.800000
FILLER_70_3,VPWR,li1,6.9000,195.8400,1.800000
FILLER_69_709,VPWR,li1,329.8200,190.4000,1.800000
FILLER_69_697,VPWR,li1,326.1400,190.4000,1.800000
FILLER_69_685,VPWR,li1,320.6200,190.4000,1.800000
FILLER_69_673,VPWR,li1,315.1000,190.4000,1.800000
FILLER_69_669,VPWR,li1,311.1900,190.4000,1.800000
FILLER_69_657,VPWR,li1,307.7400,190.4000,1.800000
FILLER_69_645,VPWR,li1,302.2200,190.4000,1.800000
FILLER_69_621,VPWR,li1,288.6500,190.4000,1.800000
FILLER_69_617,VPWR,li1,287.5000,190.4000,1.800000
FILLER_69_614,VPWR,li1,285.6600,190.4000,1.800000
FILLER_69_569,VPWR,li1,264.9600,190.4000,1.800000
FILLER_69_559,VPWR,li1,260.1300,190.4000,1.800000
FILLER_69_553,VPWR,li1,258.5200,190.4000,1.800000
FILLER_69_521,VPWR,li1,242.8800,190.4000,1.800000
FILLER_69_513,VPWR,li1,240.5800,190.4000,1.800000
FILLER_69_447,VPWR,li1,208.6100,190.4000,1.799999
FILLER_69_441,VPWR,li1,207.0000,190.4000,1.799999
FILLER_69_413,VPWR,li1,194.5800,190.4000,1.799999
FILLER_69_353,VPWR,li1,165.6000,190.4000,1.799999
FILLER_69_345,VPWR,li1,163.3000,190.4000,1.799999
FILLER_69_317,VPWR,li1,149.0400,190.4000,1.799999
FILLER_69_306,VPWR,li1,143.9800,190.4000,1.799999
FILLER_69_298,VPWR,li1,141.6800,190.4000,1.799999
FILLER_69_268,VPWR,li1,128.8000,190.4000,1.799999
FILLER_69_225,VPWR,li1,106.9500,190.4000,1.799999
FILLER_69_203,VPWR,li1,96.3700,190.4000,1.799999
FILLER_69_178,VPWR,li1,84.8700,190.4000,1.799999
FILLER_69_110,VPWR,li1,53.8200,190.4000,1.799999
FILLER_69_57,VPWR,li1,31.7400,190.4000,1.800000
FILLER_69_55,VPWR,li1,28.2900,190.4000,1.800000
FILLER_69_51,VPWR,li1,27.1400,190.4000,1.800000
FILLER_69_39,VPWR,li1,23.4600,190.4000,1.800000
FILLER_69_27,VPWR,li1,17.9400,190.4000,1.800000
FILLER_69_15,VPWR,li1,12.4200,190.4000,1.800000
FILLER_69_3,VPWR,li1,6.9000,190.4000,1.800000
FILLER_68_701,VPWR,li1,327.9800,190.4000,1.800000
FILLER_68_699,VPWR,li1,324.5300,190.4000,1.800000
FILLER_68_693,VPWR,li1,322.9200,190.4000,1.800000
FILLER_68_683,VPWR,li1,317.1700,190.4000,1.800000
FILLER_68_677,VPWR,li1,315.5600,190.4000,1.800000
FILLER_68_665,VPWR,li1,311.4200,190.4000,1.800000
FILLER_68_653,VPWR,li1,305.9000,190.4000,1.800000
FILLER_68_589,VPWR,li1,274.3900,190.4000,1.800000
FILLER_68_586,VPWR,li1,272.7800,190.4000,1.800000
FILLER_68_576,VPWR,li1,267.9500,190.4000,1.800000
FILLER_68_533,VPWR,li1,248.6300,190.4000,1.800000
FILLER_68_531,VPWR,li1,247.2500,190.4000,1.800000
FILLER_68_527,VPWR,li1,246.1000,190.4000,1.800000
FILLER_68_486,VPWR,li1,229.0800,190.4000,1.799999
FILLER_68_475,VPWR,li1,221.4900,190.4000,1.799999
FILLER_68_465,VPWR,li1,216.8900,190.4000,1.799999
FILLER_68_453,VPWR,li1,213.9000,190.4000,1.799999
FILLER_68_421,VPWR,li1,199.1800,190.4000,1.799999
FILLER_68_418,VPWR,li1,195.5000,190.4000,1.799999
FILLER_68_375,VPWR,li1,175.9500,190.4000,1.799999
FILLER_68_365,VPWR,li1,170.8900,190.4000,1.799999
FILLER_68_363,VPWR,li1,169.9700,190.4000,1.799999
FILLER_68_351,VPWR,li1,166.9800,190.4000,1.799999
FILLER_68_313,VPWR,li1,146.9700,190.4000,1.799999
FILLER_68_309,VPWR,li1,145.8200,190.4000,1.799999
FILLER_68_253,VPWR,li1,120.5200,190.4000,1.799999
FILLER_68_237,VPWR,li1,113.1600,190.4000,1.799999
FILLER_68_214,VPWR,li1,101.8900,190.4000,1.799999
FILLER_68_206,VPWR,li1,99.3600,190.4000,1.799999
FILLER_68_175,VPWR,li1,83.4900,190.4000,1.799999
FILLER_68_141,VPWR,li1,69.4600,190.4000,1.799999
FILLER_68_128,VPWR,li1,64.4000,190.4000,1.799999
FILLER_68_116,VPWR,li1,58.8800,190.4000,1.799999
FILLER_68_85,VPWR,li1,42.7800,190.4000,1.799999
FILLER_68_61,VPWR,li1,31.5100,190.4000,1.800000
FILLER_68_53,VPWR,li1,28.9800,190.4000,1.800000
FILLER_68_41,VPWR,li1,24.3800,190.4000,1.800000
FILLER_68_29,VPWR,li1,18.8600,190.4000,1.800000
FILLER_68_27,VPWR,li1,15.4100,190.4000,1.800000
FILLER_68_15,VPWR,li1,12.4200,190.4000,1.800000
FILLER_68_3,VPWR,li1,6.9000,190.4000,1.800000
FILLER_67_709,VPWR,li1,329.8200,184.9600,1.800000
FILLER_67_679,VPWR,li1,315.3300,184.9600,1.800000
FILLER_67_673,VPWR,li1,313.7200,184.9600,1.800000
FILLER_67_666,VPWR,li1,310.5000,184.9600,1.800000
FILLER_67_654,VPWR,li1,306.3600,184.9600,1.800000
FILLER_67_615,VPWR,li1,285.8900,184.9600,1.800000
FILLER_67_611,VPWR,li1,284.7400,184.9600,1.800000
FILLER_67_589,VPWR,li1,274.1600,184.9600,1.800000
FILLER_67_579,VPWR,li1,269.5600,184.9600,1.800000
FILLER_67_567,VPWR,li1,263.8100,184.9600,1.800000
FILLER_67_561,VPWR,li1,262.2000,184.9600,1.800000
FILLER_67_550,VPWR,li1,255.9900,184.9600,1.800000
FILLER_67_533,VPWR,li1,249.3200,184.9600,1.800000
FILLER_67_531,VPWR,li1,247.2500,184.9600,1.800000
FILLER_67_527,VPWR,li1,246.1000,184.9600,1.800000
FILLER_67_515,VPWR,li1,242.4200,184.9600,1.800000
FILLER_67_505,VPWR,li1,235.2900,184.9600,1.800000
FILLER_67_502,VPWR,li1,234.1400,184.9600,1.800000
FILLER_67_489,VPWR,li1,228.6200,184.9600,1.800000
FILLER_67_477,VPWR,li1,224.9400,184.9600,1.800000
FILLER_67_473,VPWR,li1,221.0300,184.9600,1.800000
FILLER_67_461,VPWR,li1,217.5800,184.9600,1.800000
FILLER_67_449,VPWR,li1,212.0600,184.9600,1.800000
FILLER_67_419,VPWR,li1,195.7300,184.9600,1.800000
FILLER_67_413,VPWR,li1,194.1200,184.9600,1.800000
FILLER_67_388,VPWR,li1,182.1600,184.9600,1.800000
FILLER_67_376,VPWR,li1,175.9500,184.9600,1.799999
FILLER_67_358,VPWR,li1,168.8200,184.9600,1.799999
FILLER_67_346,VPWR,li1,164.6800,184.9600,1.799999
FILLER_67_333,VPWR,li1,156.6300,184.9600,1.799999
FILLER_67_309,VPWR,li1,145.8200,184.9600,1.800000
FILLER_67_307,VPWR,li1,144.2100,184.9600,1.800000
FILLER_67_303,VPWR,li1,143.0600,184.9600,1.800000
FILLER_67_285,VPWR,li1,134.0900,184.9600,1.800000
FILLER_67_281,VPWR,li1,132.9400,184.9600,1.800000
FILLER_67_274,VPWR,li1,130.1800,184.9600,1.800000
FILLER_67_262,VPWR,li1,126.0400,184.9600,1.800000
FILLER_67_248,VPWR,li1,117.7600,184.9600,1.800000
FILLER_67_236,VPWR,li1,114.0800,184.9600,1.800000
FILLER_67_225,VPWR,li1,106.7200,184.9600,1.800000
FILLER_67_218,VPWR,li1,104.4200,184.9600,1.800000
FILLER_67_206,VPWR,li1,100.2800,184.9600,1.800000
FILLER_67_194,VPWR,li1,92.4600,184.9600,1.800000
FILLER_67_173,VPWR,li1,82.5700,184.9600,1.800000
FILLER_67_169,VPWR,li1,81.4200,184.9600,1.800000
FILLER_67_167,VPWR,li1,79.8100,184.9600,1.800000
FILLER_67_161,VPWR,li1,78.2000,184.9600,1.800000
FILLER_67_137,VPWR,li1,66.4700,184.9600,1.800000
FILLER_67_125,VPWR,li1,63.0200,184.9600,1.800000
FILLER_67_113,VPWR,li1,57.5000,184.9600,1.800000
FILLER_67_109,VPWR,li1,53.5900,184.9600,1.800000
FILLER_67_85,VPWR,li1,42.0900,184.9600,1.800000
FILLER_67_81,VPWR,li1,40.7100,184.9600,1.800000
FILLER_67_69,VPWR,li1,37.2600,184.9600,1.800000
FILLER_67_57,VPWR,li1,31.7400,184.9600,1.800000
FILLER_67_53,VPWR,li1,27.8300,184.9600,1.800000
FILLER_67_41,VPWR,li1,24.3800,184.9600,1.800000
FILLER_67_29,VPWR,li1,18.8600,184.9600,1.800000
FILLER_67_27,VPWR,li1,15.4100,184.9600,1.800000
FILLER_67_15,VPWR,li1,12.4200,184.9600,1.800000
FILLER_67_3,VPWR,li1,6.9000,184.9600,1.800000
FILLER_66_697,VPWR,li1,325.2200,184.9600,1.800000
FILLER_65_712,VPWR,li1,330.5100,179.5200,1.800000
FILLER_65_708,VPWR,li1,329.3600,179.5200,1.800000
FILLER_64_712,VPWR,li1,330.5100,179.5200,1.800000
FILLER_64_706,VPWR,li1,328.9000,179.5200,1.800000
FILLER_63_712,VPWR,li1,330.5100,174.0800,1.800000
FILLER_63_700,VPWR,li1,327.5200,174.0800,1.800000
FILLER_63_688,VPWR,li1,322.0000,174.0800,1.800000
FILLER_62_712,VPWR,li1,330.5100,174.0800,1.800000
FILLER_62_708,VPWR,li1,329.3600,174.0800,1.800000
FILLER_61_709,VPWR,li1,329.8200,168.6400,1.800000
FILLER_61_698,VPWR,li1,324.5300,168.6400,1.800000
FILLER_61_688,VPWR,li1,319.4700,168.6400,1.800000
FILLER_60_688,VPWR,li1,321.0800,168.6400,1.800000
FILLER_59_709,VPWR,li1,329.8200,163.2000,1.800000
FILLER_59_688,VPWR,li1,319.4700,163.2000,1.800000
FILLER_58_709,VPWR,li1,329.8200,163.2000,1.800000
FILLER_58_688,VPWR,li1,319.4700,163.2000,1.800000
FILLER_57_711,VPWR,li1,330.2800,157.7600,1.800000
FILLER_57_688,VPWR,li1,319.4700,157.7600,1.800000
FILLER_56_705,VPWR,li1,328.9000,157.7600,1.800000
FILLER_56_688,VPWR,li1,321.0800,157.7600,1.800000
FILLER_55_710,VPWR,li1,330.0500,152.3200,1.800000
FILLER_55_688,VPWR,li1,319.7000,152.3200,1.800000
FILLER_54_688,VPWR,li1,321.0800,152.3200,1.800000
FILLER_53_704,VPWR,li1,326.8300,146.8800,1.800000
FILLER_53_694,VPWR,li1,322.2300,146.8800,1.800000
FILLER_53_688,VPWR,li1,320.6200,146.8800,1.800000
FILLER_52_710,VPWR,li1,330.0500,146.8800,1.800000
FILLER_52_688,VPWR,li1,319.7000,146.8800,1.800000
FILLER_51_710,VPWR,li1,330.0500,141.4400,1.800000
FILLER_51_702,VPWR,li1,327.5200,141.4400,1.800000
FILLER_51_692,VPWR,li1,321.3100,141.4400,1.800000
FILLER_51_688,VPWR,li1,320.1600,141.4400,1.800000
FILLER_50_712,VPWR,li1,330.5100,141.4400,1.800000
FILLER_50_700,VPWR,li1,327.5200,141.4400,1.800000
FILLER_50_688,VPWR,li1,322.0000,141.4400,1.800000
FILLER_49_712,VPWR,li1,330.5100,136.0000,1.800000
FILLER_49_700,VPWR,li1,327.5200,136.0000,1.800000
FILLER_49_688,VPWR,li1,322.0000,136.0000,1.800000
FILLER_48_705,VPWR,li1,328.9000,136.0000,1.800000
FILLER_48_688,VPWR,li1,321.0800,136.0000,1.800000
FILLER_47_710,VPWR,li1,330.0500,130.5600,1.800000
FILLER_47_688,VPWR,li1,319.7000,130.5600,1.800000
FILLER_46_688,VPWR,li1,321.0800,130.5600,1.800000
FILLER_45_694,VPWR,li1,322.4600,125.1200,1.800000
FILLER_44_712,VPWR,li1,330.5100,125.1200,1.800000
FILLER_44_708,VPWR,li1,329.3600,125.1200,1.800000
FILLER_43_710,VPWR,li1,330.0500,119.6800,1.800000
FILLER_43_688,VPWR,li1,319.7000,119.6800,1.800000
FILLER_42_712,VPWR,li1,330.5100,119.6800,1.800000
FILLER_42_708,VPWR,li1,329.3600,119.6800,1.800000
FILLER_41_712,VPWR,li1,330.5100,114.2400,1.800000
FILLER_41_704,VPWR,li1,328.4400,114.2400,1.800000
FILLER_40_709,VPWR,li1,329.8200,114.2400,1.800000
FILLER_40_697,VPWR,li1,326.1400,114.2400,1.800000
FILLER_40_694,VPWR,li1,322.2300,114.2400,1.800000
FILLER_40_688,VPWR,li1,320.6200,114.2400,1.800000
FILLER_39_710,VPWR,li1,330.0500,108.8000,1.800000
FILLER_39_688,VPWR,li1,319.7000,108.8000,1.800000
FILLER_38_703,VPWR,li1,326.6000,108.8000,1.800000
FILLER_38_696,VPWR,li1,323.1500,108.8000,1.800000
FILLER_38_688,VPWR,li1,321.0800,108.8000,1.800000
FILLER_37_711,VPWR,li1,330.2800,103.3600,1.800000
FILLER_37_688,VPWR,li1,321.0800,103.3600,1.800000
FILLER_36_705,VPWR,li1,328.9000,103.3600,1.800000
FILLER_36_688,VPWR,li1,321.0800,103.3600,1.800000
FILLER_35_710,VPWR,li1,330.0500,97.9200,1.800000
FILLER_35_688,VPWR,li1,319.7000,97.9200,1.800000
FILLER_34_688,VPWR,li1,321.0800,97.9200,1.800000
FILLER_33_688,VPWR,li1,321.0800,92.4800,1.800000
FILLER_32_710,VPWR,li1,330.0500,92.4800,1.800000
FILLER_32_688,VPWR,li1,319.7000,92.4800,1.800000
FILLER_31_694,VPWR,li1,322.2300,87.0400,1.800000
FILLER_31_688,VPWR,li1,320.6200,87.0400,1.800000
FILLER_30_709,VPWR,li1,329.8200,87.0400,1.800000
FILLER_30_697,VPWR,li1,326.1400,87.0400,1.800000
FILLER_30_694,VPWR,li1,322.2300,87.0400,1.800000
FILLER_30_688,VPWR,li1,320.6200,87.0400,1.800000
FILLER_29_704,VPWR,li1,326.8300,81.6000,1.800000
FILLER_29_700,VPWR,li1,325.6800,81.6000,1.800000
FILLER_29_688,VPWR,li1,322.0000,81.6000,1.800000
FILLER_28_694,VPWR,li1,322.2300,81.6000,1.800000
FILLER_28_688,VPWR,li1,320.6200,81.6000,1.800000
FILLER_27_709,VPWR,li1,329.8200,76.1600,1.800000
FILLER_27_697,VPWR,li1,326.1400,76.1600,1.800000
FILLER_27_694,VPWR,li1,322.2300,76.1600,1.800000
FILLER_27_688,VPWR,li1,320.6200,76.1600,1.800000
FILLER_26_710,VPWR,li1,330.0500,76.1600,1.800000
FILLER_26_688,VPWR,li1,319.7000,76.1600,1.800000
FILLER_25_712,VPWR,li1,330.5100,70.7200,1.800000
FILLER_25_700,VPWR,li1,327.5200,70.7200,1.800000
FILLER_25_688,VPWR,li1,322.0000,70.7200,1.800000
FILLER_24_712,VPWR,li1,330.5100,70.7200,1.800000
FILLER_24_700,VPWR,li1,327.5200,70.7200,1.800000
FILLER_24_688,VPWR,li1,322.0000,70.7200,1.800000
FILLER_23_710,VPWR,li1,330.0500,65.2800,1.800000
FILLER_23_688,VPWR,li1,319.7000,65.2800,1.800000
FILLER_22_704,VPWR,li1,326.8300,65.2800,1.800000
FILLER_22_700,VPWR,li1,325.6800,65.2800,1.800000
FILLER_22_688,VPWR,li1,322.0000,65.2800,1.800000
FILLER_21_688,VPWR,li1,319.7000,59.8400,1.800000
FILLER_20_705,VPWR,li1,328.9000,59.8400,1.800000
FILLER_20_688,VPWR,li1,321.0800,59.8400,1.800000
FILLER_19_712,VPWR,li1,330.5100,54.4000,1.800000
FILLER_19_704,VPWR,li1,328.4400,54.4000,1.800000
FILLER_19_694,VPWR,li1,322.2300,54.4000,1.800000
FILLER_19_688,VPWR,li1,320.6200,54.4000,1.800000
FILLER_18_705,VPWR,li1,328.9000,54.4000,1.800000
FILLER_18_688,VPWR,li1,321.0800,54.4000,1.800000
FILLER_17_705,VPWR,li1,328.9000,48.9600,1.800000
FILLER_17_688,VPWR,li1,321.0800,48.9600,1.800000
FILLER_16_704,VPWR,li1,326.8300,48.9600,1.800000
FILLER_16_700,VPWR,li1,325.6800,48.9600,1.800000
FILLER_16_688,VPWR,li1,322.0000,48.9600,1.800000
FILLER_15_710,VPWR,li1,330.0500,43.5200,1.800000
FILLER_15_688,VPWR,li1,319.7000,43.5200,1.800000
FILLER_14_688,VPWR,li1,321.0800,43.5200,1.800000
FILLER_13_710,VPWR,li1,330.0500,38.0800,1.800000
FILLER_13_688,VPWR,li1,319.7000,38.0800,1.800000
FILLER_12_688,VPWR,li1,320.6200,38.0800,1.800000
FILLER_11_712,VPWR,li1,330.5100,32.6400,1.800000
FILLER_10_712,VPWR,li1,330.5100,32.6400,1.800000
FILLER_10_706,VPWR,li1,328.9000,32.6400,1.800000
FILLER_10_696,VPWR,li1,323.1500,32.6400,1.800000
FILLER_10_688,VPWR,li1,320.6200,32.6400,1.800000
FILLER_9_712,VPWR,li1,330.5100,27.2000,1.800000
FILLER_9_708,VPWR,li1,329.3600,27.2000,1.800000
FILLER_8_712,VPWR,li1,330.5100,27.2000,1.800000
FILLER_8_708,VPWR,li1,329.3600,27.2000,1.800000
FILLER_7_710,VPWR,li1,330.0500,21.7600,1.800000
FILLER_7_688,VPWR,li1,319.7000,21.7600,1.800000
FILLER_6_712,VPWR,li1,330.5100,21.7600,1.800000
FILLER_6_708,VPWR,li1,329.3600,21.7600,1.800000
FILLER_5_712,VPWR,li1,330.5100,16.3200,1.800000
FILLER_5_706,VPWR,li1,328.9000,16.3200,1.800000
FILLER_4_710,VPWR,li1,330.0500,16.3200,1.800000
FILLER_3_712,VPWR,li1,330.5100,10.8800,1.800000
FILLER_3_706,VPWR,li1,328.9000,10.8800,1.800000
FILLER_2_688,VPWR,li1,321.0800,10.8800,1.800000
FILLER_1_704,VPWR,li1,326.8300,5.4400,1.800000
FILLER_1_698,VPWR,li1,325.2200,5.4400,1.800000
FILLER_1_688,VPWR,li1,321.0800,5.4400,1.800000
FILLER_0_704,VPWR,li1,326.8300,5.4400,1.800000
FILLER_0_700,VPWR,li1,325.6800,5.4400,1.800000
FILLER_0_688,VPWR,li1,322.0000,5.4400,1.800000
ANTENNA_34,VPWR,li1,277.3800,201.2800,1.800000
ANTENNA_33,VPWR,li1,278.3000,195.8400,1.800000
ANTENNA_32,VPWR,li1,251.6200,195.8400,1.800000
ANTENNA_31,VPWR,li1,264.5000,184.9600,1.800000
ANTENNA_30,VPWR,li1,176.6400,184.9600,1.799999
ANTENNA_29,VPWR,li1,127.8800,212.1600,1.799999
ANTENNA_28,VPWR,li1,89.7000,201.2800,1.799999
ANTENNA_27,VPWR,li1,88.7800,201.2800,1.799999
ANTENNA_26,VPWR,li1,80.9600,195.8400,1.799999
ANTENNA_25,VPWR,li1,209.7600,212.1600,1.799999
ANTENNA_24,VPWR,li1,226.7800,212.1600,1.800000
ANTENNA_23,VPWR,li1,217.1200,201.2800,1.799999
ANTENNA_22,VPWR,li1,97.9800,212.1600,1.799999
ANTENNA_21,VPWR,li1,251.1600,184.9600,1.800000
ANTENNA_20,VPWR,li1,320.1600,157.7600,1.800000
ANTENNA_19,VPWR,li1,324.3000,163.2000,1.800000
ANTENNA_18,VPWR,li1,322.9200,87.0400,1.800000
ANTENNA_17,VPWR,li1,323.8400,27.2000,1.800000
ANTENNA_16,VPWR,li1,322.4600,38.0800,1.800000
ANTENNA_15,VPWR,li1,322.4600,32.6400,1.800000
ANTENNA_14,VPWR,li1,322.9200,76.1600,1.800000
ANTENNA_13,VPWR,li1,322.9200,114.2400,1.800000
ANTENNA_12,VPWR,li1,188.6000,206.7200,1.799999
ANTENNA_11,VPWR,li1,185.3800,212.1600,1.799999
ANTENNA_10,VPWR,li1,184.4600,212.1600,1.799999
ANTENNA_9,VPWR,li1,175.7200,212.1600,1.799999
ANTENNA_8,VPWR,li1,174.8000,212.1600,1.799999
ANTENNA_7,VPWR,li1,165.1400,201.2800,1.799999
ANTENNA_6,VPWR,li1,175.2600,184.9600,1.799999
ANTENNA_5,VPWR,li1,323.3800,5.4400,1.800000
ANTENNA_4,VPWR,li1,319.7000,16.3200,1.800000
ANTENNA_3,VPWR,li1,151.3400,212.1600,1.799999
ANTENNA_2,VPWR,li1,111.7800,212.1600,1.799999
ANTENNA_1,VPWR,li1,110.8600,212.1600,1.799999
hold113,VPWR,li1,116.8400,206.7200,1.799999
hold112,VPWR,li1,129.2600,195.8400,1.799999
hold111,VPWR,li1,170.6600,195.8400,1.799999
hold110,VPWR,li1,160.0800,195.8400,1.799999
hold109,VPWR,li1,140.3000,184.9600,1.800000
hold108,VPWR,li1,150.8800,206.7200,1.799998
hold107,VPWR,li1,159.6200,190.4000,1.799999
hold106,VPWR,li1,198.2600,212.1600,1.799999
hold105,VPWR,li1,198.2600,217.6000,1.799999
hold104,VPWR,li1,92.0000,206.7200,1.799999
hold103,VPWR,li1,91.0800,223.0400,1.800000
hold102,VPWR,li1,328.9000,97.9200,1.800000
hold101,VPWR,li1,172.5000,217.6000,1.799999
hold100,VPWR,li1,95.2200,195.8400,1.799999
hold99,VPWR,li1,193.2000,223.0400,1.800000
hold98,VPWR,li1,328.9000,130.5600,1.800000
hold97,VPWR,li1,79.1200,217.6000,1.799999
hold96,VPWR,li1,328.9000,38.0800,1.800000
hold95,VPWR,li1,96.1400,206.7200,1.799999
hold94,VPWR,li1,258.0600,217.6000,1.800000
hold93,VPWR,li1,219.8800,217.6000,1.799999
hold92,VPWR,li1,78.2000,190.4000,1.799999
hold91,VPWR,li1,56.5800,223.0400,1.800000
hold90,VPWR,li1,269.5600,212.1600,1.800000
hold89,VPWR,li1,56.5800,190.4000,1.799999
hold88,VPWR,li1,141.2200,217.6000,1.799999
hold87,VPWR,li1,103.0400,217.6000,1.799999
hold86,VPWR,li1,221.2600,217.6000,1.799999
hold85,VPWR,li1,262.6600,190.4000,1.800000
hold84,VPWR,li1,328.9000,152.3200,1.800000
hold83,VPWR,li1,148.5800,223.0400,1.800000
hold82,VPWR,li1,138.0000,190.4000,1.799999
hold81,VPWR,li1,215.2800,190.4000,1.799999
hold80,VPWR,li1,226.3200,212.1600,1.800000
hold79,VPWR,li1,45.0800,206.7200,1.799999
hold78,VPWR,li1,103.9600,223.0400,1.800000
hold77,VPWR,li1,172.9600,206.7200,1.799999
hold76,VPWR,li1,133.8600,217.6000,1.799999
hold75,VPWR,li1,199.1800,212.1600,1.799999
hold74,VPWR,li1,97.9800,206.7200,1.799999
hold73,VPWR,li1,327.0600,184.9600,1.800000
hold72,VPWR,li1,328.9000,5.4400,1.800000
hold71,VPWR,li1,59.8000,206.7200,1.799999
hold70,VPWR,li1,116.3800,217.6000,1.799999
hold69,VPWR,li1,207.0000,195.8400,1.799999
hold68,VPWR,li1,237.3600,201.2800,1.800000
hold67,VPWR,li1,241.5000,206.7200,1.799999
hold66,VPWR,li1,328.9000,168.6400,1.800000
hold65,VPWR,li1,178.0200,223.0400,1.800000
hold64,VPWR,li1,138.0000,201.2800,1.799999
hold63,VPWR,li1,207.0000,212.1600,1.799999
hold62,VPWR,li1,280.1400,195.8400,1.800000
hold61,VPWR,li1,284.2800,195.8400,1.800000
hold60,VPWR,li1,116.8400,195.8400,1.799999
hold59,VPWR,li1,243.8000,201.2800,1.800000
hold58,VPWR,li1,328.9000,92.4800,1.800000
hold57,VPWR,li1,301.3000,190.4000,1.800000
hold56,VPWR,li1,74.9800,223.0400,1.800000
hold55,VPWR,li1,241.5000,201.2800,1.800000
hold54,VPWR,li1,328.9000,48.9600,1.800000
hold53,VPWR,li1,181.2400,190.4000,1.799999
hold52,VPWR,li1,181.2400,206.7200,1.799999
hold51,VPWR,li1,299.0000,195.8400,1.800000
hold50,VPWR,li1,328.9000,5.4400,1.800000
hold49,VPWR,li1,228.6200,190.4000,1.799999
hold48,VPWR,li1,236.9000,190.4000,1.800000
hold47,VPWR,li1,154.5600,206.7200,1.799998
hold46,VPWR,li1,162.3800,190.4000,1.799999
hold45,VPWR,li1,202.4000,201.2800,1.799999
hold44,VPWR,li1,284.2800,206.7200,1.800000
hold43,VPWR,li1,67.6200,206.7200,1.799999
hold42,VPWR,li1,142.1400,201.2800,1.799999
hold41,VPWR,li1,244.7200,217.6000,1.800000
hold40,VPWR,li1,80.0400,195.8400,1.799999
hold39,VPWR,li1,116.3800,201.2800,1.799999
hold38,VPWR,li1,236.9000,223.0400,1.800000
hold37,VPWR,li1,111.3200,195.8400,1.799999
hold36,VPWR,li1,57.0400,212.1600,1.800000
hold35,VPWR,li1,194.1200,195.8400,1.799999
hold34,VPWR,li1,151.3400,190.4000,1.799999
hold33,VPWR,li1,40.9400,195.8400,1.799999
hold32,VPWR,li1,327.0600,168.6400,1.800000
hold31,VPWR,li1,132.9400,195.8400,1.799999
hold30,VPWR,li1,328.9000,65.2800,1.800000
hold29,VPWR,li1,328.9000,10.8800,1.800000
hold28,VPWR,li1,328.9000,108.8000,1.800000
hold27,VPWR,li1,240.5800,195.8400,1.800000
hold26,VPWR,li1,328.9000,43.5200,1.800000
hold25,VPWR,li1,260.3600,195.8400,1.800000
hold24,VPWR,li1,181.2400,212.1600,1.799999
hold23,VPWR,li1,175.7200,195.8400,1.799999
hold22,VPWR,li1,162.3800,217.6000,1.799999
hold21,VPWR,li1,146.7400,212.1600,1.799999
hold20,VPWR,li1,91.0800,206.7200,1.799999
hold19,VPWR,li1,74.0600,201.2800,1.799999
hold18,VPWR,li1,78.2000,212.1600,1.799999
hold17,VPWR,li1,99.3600,223.0400,1.800000
hold16,VPWR,li1,328.9000,125.1200,1.800000
hold15,VPWR,li1,328.9000,184.9600,1.800000
hold14,VPWR,li1,328.9000,146.8800,1.800000
hold13,VPWR,li1,219.4200,223.0400,1.800000
hold12,VPWR,li1,230.0000,212.1600,1.800000
hold11,VPWR,li1,120.5200,217.6000,1.799999
hold10,VPWR,li1,161.9200,212.1600,1.799999
hold9,VPWR,li1,99.8200,206.7200,1.799999
hold8,VPWR,li1,328.9000,81.6000,1.800000
hold7,VPWR,li1,117.3000,206.7200,1.799999
hold6,VPWR,li1,123.2800,223.0400,1.800000
hold5,VPWR,li1,112.7000,201.2800,1.799999
hold4,VPWR,li1,116.3800,223.0400,1.800000
hold3,VPWR,li1,135.2400,223.0400,1.800000
hold2,VPWR,li1,142.6000,223.0400,1.800000
hold1,VPWR,li1,138.9200,223.0400,1.800000
clkload13,VPWR,li1,257.8300,206.7200,1.800000
clkload12,VPWR,li1,207.9200,201.2800,1.799999
clkload11,VPWR,li1,320.6200,125.1200,1.800000
clkload10,VPWR,li1,283.8200,201.2800,1.800000
clkload9,VPWR,li1,81.8800,190.4000,1.799999
clkload8,VPWR,li1,194.5800,206.7200,1.799999
clkload7,VPWR,li1,137.0800,195.8400,1.799999
clkbuf_3_7__f_ui_in[4],VPWR,li1,260.3600,206.7200,1.800000
clkbuf_3_6__f_ui_in[4],VPWR,li1,213.9000,201.2800,1.799999
clkbuf_3_5__f_ui_in[4],VPWR,li1,323.8400,125.1200,1.800000
clkbuf_3_4__f_ui_in[4],VPWR,li1,325.2200,157.7600,1.800000
clkbuf_3_3__f_ui_in[4],VPWR,li1,104.8800,212.1600,1.799999
clkbuf_3_2__f_ui_in[4],VPWR,li1,88.3200,195.8400,1.799999
clkbuf_3_1__f_ui_in[4],VPWR,li1,192.7400,206.7200,1.799999
clkbuf_3_0__f_ui_in[4],VPWR,li1,139.8400,206.7200,1.799998
clkbuf_0_ui_in[4],VPWR,li1,188.1400,184.9600,1.800000
clkload6,VPWR,li1,264.5000,201.2800,1.800000
clkload5,VPWR,li1,219.1900,206.7200,1.799999
clkload4,VPWR,li1,320.8500,114.2400,1.800000
clkload3,VPWR,li1,271.6300,184.9600,1.800000
clkload2,VPWR,li1,86.0200,190.4000,1.799999
clkload1,VPWR,li1,181.7000,212.1600,1.799999
clkload0,VPWR,li1,129.7200,206.7200,1.799998
clkbuf_3_7__f_ui_in[3],VPWR,li1,265.4200,195.8400,1.800000
clkbuf_3_6__f_ui_in[3],VPWR,li1,226.7800,206.7200,1.799999
clkbuf_3_5__f_ui_in[3],VPWR,li1,323.8400,119.6800,1.800000
clkbuf_3_4__f_ui_in[3],VPWR,li1,279.2200,184.9600,1.800000
clkbuf_3_3__f_ui_in[3],VPWR,li1,98.4400,195.8400,1.799999
clkbuf_3_2__f_ui_in[3],VPWR,li1,88.3200,190.4000,1.799999
clkbuf_3_1__f_ui_in[3],VPWR,li1,183.5400,206.7200,1.799999
clkbuf_3_0__f_ui_in[3],VPWR,li1,130.6400,206.7200,1.799998
clkbuf_0_ui_in[3],VPWR,li1,181.2400,190.4000,1.799999
tt_um_openram_top_56,VPWR,li1,50.8300,223.0400,1.800000
fanout55,VPWR,li1,154.1000,223.0400,1.800000
fanout54,VPWR,li1,206.0800,223.0400,1.800000
fanout53,VPWR,li1,261.7400,212.1600,1.800000
fanout52,VPWR,li1,261.2800,217.6000,1.800000
fanout51,VPWR,li1,271.4000,206.7200,1.800000
fanout50,VPWR,li1,215.7400,212.1600,1.800000
fanout49,VPWR,li1,233.2200,212.1600,1.800000
fanout48,VPWR,li1,203.7800,217.6000,1.799999
fanout47,VPWR,li1,197.8000,223.0400,1.800000
fanout46,VPWR,li1,328.4400,103.3600,1.800000
fanout45,VPWR,li1,158.7000,217.6000,1.799999
fanout44,VPWR,li1,154.5600,217.6000,1.799999
fanout43,VPWR,li1,155.9400,223.0400,1.800000
fanout42,VPWR,li1,153.1800,212.1600,1.799999
fanout41,VPWR,li1,109.4800,217.6000,1.799999
fanout40,VPWR,li1,87.8600,223.0400,1.800000
fanout39,VPWR,li1,75.4400,212.1600,1.799999
fanout38,VPWR,li1,73.6000,212.1600,1.799999
fanout37,VPWR,li1,59.8000,223.0400,1.800000
fanout36,VPWR,li1,185.8400,223.0400,1.800000
fanout35,VPWR,li1,274.6200,212.1600,1.800000
fanout34,VPWR,li1,270.4800,206.7200,1.800000
fanout33,VPWR,li1,240.1200,223.0400,1.800000
fanout32,VPWR,li1,197.8000,217.6000,1.799999
fanout31,VPWR,li1,200.5600,223.0400,1.800000
fanout30,VPWR,li1,324.7600,108.8000,1.800000
fanout29,VPWR,li1,143.5200,212.1600,1.799999
fanout28,VPWR,li1,151.8000,206.7200,1.799998
fanout27,VPWR,li1,157.3200,217.6000,1.799999
fanout26,VPWR,li1,71.7600,223.0400,1.800000
fanout25,VPWR,li1,120.0600,217.6000,1.799999
fanout24,VPWR,li1,107.6400,223.0400,1.800000
fanout23,VPWR,li1,203.3200,223.0400,1.800000
fanout22,VPWR,li1,263.1200,201.2800,1.800000
fanout21,VPWR,li1,287.9600,206.7200,1.800000
fanout20,VPWR,li1,201.9400,212.1600,1.799999
fanout19,VPWR,li1,240.5800,217.6000,1.800000
fanout18,VPWR,li1,201.4800,217.6000,1.799999
fanout17,VPWR,li1,320.6200,32.6400,1.800000
fanout16,VPWR,li1,145.8200,223.0400,1.800000
fanout15,VPWR,li1,169.2800,212.1600,1.799999
fanout14,VPWR,li1,176.1800,206.7200,1.799999
fanout13,VPWR,li1,151.8000,223.0400,1.800000
fanout12,VPWR,li1,130.1800,223.0400,1.800000
fanout11,VPWR,li1,120.0600,223.0400,1.800000
fanout10,VPWR,li1,116.8400,217.6000,1.799999
fanout9,VPWR,li1,86.0200,217.6000,1.799999
fanout8,VPWR,li1,286.1200,206.7200,1.800000
fanout7,VPWR,li1,275.0800,206.7200,1.800000
fanout6,VPWR,li1,159.1600,201.2800,1.799999
fanout5,VPWR,li1,70.8400,206.7200,1.799999
input4,VPWR,li1,132.7100,212.1600,1.799999
input3,VPWR,li1,136.6200,217.6000,1.799999
input2,VPWR,li1,132.7100,223.0400,1.800000
input1,VPWR,li1,143.7500,217.6000,1.799999
tt_um_openram_top_77,VPWR,li1,81.6500,223.0400,1.800000
tt_um_openram_top_76,VPWR,li1,77.9700,223.0400,1.800000
tt_um_openram_top_75,VPWR,li1,79.3500,223.0400,1.800000
tt_um_openram_top_74,VPWR,li1,83.0300,223.0400,1.800000
tt_um_openram_top_73,VPWR,li1,84.4100,223.0400,1.800000
tt_um_openram_top_72,VPWR,li1,85.7900,223.0400,1.800000
tt_um_openram_top_71,VPWR,li1,53.5900,223.0400,1.800000
tt_um_openram_top_70,VPWR,li1,56.3500,217.6000,1.799999
tt_um_openram_top_69,VPWR,li1,63.2500,223.0400,1.800000
tt_um_openram_top_68,VPWR,li1,61.8700,223.0400,1.800000
tt_um_openram_top_67,VPWR,li1,64.6300,223.0400,1.800000
tt_um_openram_top_66,VPWR,li1,68.3100,223.0400,1.800000
tt_um_openram_top_65,VPWR,li1,69.6900,223.0400,1.800000
tt_um_openram_top_64,VPWR,li1,77.0500,217.6000,1.799999
tt_um_openram_top_63,VPWR,li1,31.5100,223.0400,1.800000
tt_um_openram_top_62,VPWR,li1,34.2700,223.0400,1.800000
tt_um_openram_top_61,VPWR,li1,37.0300,223.0400,1.800000
tt_um_openram_top_60,VPWR,li1,39.7900,223.0400,1.800000
tt_um_openram_top_59,VPWR,li1,42.5500,223.0400,1.800000
tt_um_openram_top_58,VPWR,li1,45.3100,223.0400,1.800000
tt_um_openram_top_57,VPWR,li1,48.0700,223.0400,1.800000
TAP_TAPCELL_ROW_80_361,VPWR,li1,324.9900,222.7330,1.800000
TAP_TAPCELL_ROW_80_360,VPWR,li1,312.1100,222.7330,1.800000
TAP_TAPCELL_ROW_80_359,VPWR,li1,299.2300,222.7330,1.800000
TAP_TAPCELL_ROW_80_358,VPWR,li1,286.3500,222.7330,1.800000
TAP_TAPCELL_ROW_80_357,VPWR,li1,273.4700,222.7330,1.800000
TAP_TAPCELL_ROW_80_356,VPWR,li1,260.5900,222.7330,1.800000
TAP_TAPCELL_ROW_80_355,VPWR,li1,247.7100,222.7330,1.800000
TAP_TAPCELL_ROW_80_354,VPWR,li1,234.8300,222.7330,1.800000
TAP_TAPCELL_ROW_80_353,VPWR,li1,221.9500,222.7330,1.800000
TAP_TAPCELL_ROW_80_352,VPWR,li1,209.0700,222.7330,1.800000
TAP_TAPCELL_ROW_80_351,VPWR,li1,196.1900,222.7330,1.800000
TAP_TAPCELL_ROW_80_350,VPWR,li1,183.3100,222.7330,1.800000
TAP_TAPCELL_ROW_80_349,VPWR,li1,170.4300,222.7330,1.800000
TAP_TAPCELL_ROW_80_348,VPWR,li1,157.5500,222.7330,1.800000
TAP_TAPCELL_ROW_80_347,VPWR,li1,144.6700,222.7330,1.800000
TAP_TAPCELL_ROW_80_346,VPWR,li1,131.7900,222.7330,1.800000
TAP_TAPCELL_ROW_80_345,VPWR,li1,118.9100,222.7330,1.800000
TAP_TAPCELL_ROW_80_344,VPWR,li1,106.0300,222.7330,1.800000
TAP_TAPCELL_ROW_80_343,VPWR,li1,93.1500,222.7330,1.800000
TAP_TAPCELL_ROW_80_342,VPWR,li1,80.2700,222.7330,1.800000
TAP_TAPCELL_ROW_80_341,VPWR,li1,67.3900,222.7330,1.800000
TAP_TAPCELL_ROW_80_340,VPWR,li1,54.5100,222.7330,1.800000
TAP_TAPCELL_ROW_80_339,VPWR,li1,41.6300,222.7330,1.800000
TAP_TAPCELL_ROW_80_338,VPWR,li1,28.7500,222.7330,1.800000
TAP_TAPCELL_ROW_80_337,VPWR,li1,15.8700,222.7330,1.800000
TAP_TAPCELL_ROW_79_336,VPWR,li1,312.1100,217.9060,1.800000
TAP_TAPCELL_ROW_79_335,VPWR,li1,286.3500,217.9060,1.800000
TAP_TAPCELL_ROW_79_334,VPWR,li1,260.5900,217.9060,1.800000
TAP_TAPCELL_ROW_79_333,VPWR,li1,234.8300,217.9060,1.800000
TAP_TAPCELL_ROW_79_332,VPWR,li1,209.0700,217.9060,1.799999
TAP_TAPCELL_ROW_79_331,VPWR,li1,183.3100,217.9060,1.799999
TAP_TAPCELL_ROW_79_330,VPWR,li1,157.5500,217.9060,1.799999
TAP_TAPCELL_ROW_79_329,VPWR,li1,131.7900,217.9060,1.799999
TAP_TAPCELL_ROW_79_328,VPWR,li1,106.0300,217.9060,1.799999
TAP_TAPCELL_ROW_79_327,VPWR,li1,80.2700,217.9060,1.799999
TAP_TAPCELL_ROW_79_326,VPWR,li1,54.5100,217.9060,1.799999
TAP_TAPCELL_ROW_79_325,VPWR,li1,28.7500,217.9060,1.800000
TAP_TAPCELL_ROW_78_324,VPWR,li1,324.9900,217.2930,1.800000
TAP_TAPCELL_ROW_78_323,VPWR,li1,299.2300,217.2930,1.800000
TAP_TAPCELL_ROW_78_322,VPWR,li1,273.4700,217.2930,1.800000
TAP_TAPCELL_ROW_78_321,VPWR,li1,247.7100,217.2930,1.800000
TAP_TAPCELL_ROW_78_320,VPWR,li1,221.9500,217.2930,1.799999
TAP_TAPCELL_ROW_78_319,VPWR,li1,196.1900,217.2930,1.799999
TAP_TAPCELL_ROW_78_318,VPWR,li1,170.4300,217.2930,1.799999
TAP_TAPCELL_ROW_78_317,VPWR,li1,144.6700,217.2930,1.799999
TAP_TAPCELL_ROW_78_316,VPWR,li1,118.9100,217.2930,1.799999
TAP_TAPCELL_ROW_78_315,VPWR,li1,93.1500,217.2930,1.799999
TAP_TAPCELL_ROW_78_314,VPWR,li1,67.3900,217.2930,1.799999
TAP_TAPCELL_ROW_78_313,VPWR,li1,41.6300,217.2930,1.799999
TAP_TAPCELL_ROW_78_312,VPWR,li1,15.8700,217.2930,1.800000
TAP_TAPCELL_ROW_77_311,VPWR,li1,312.1100,212.4660,1.800000
TAP_TAPCELL_ROW_77_310,VPWR,li1,286.3500,212.4660,1.800000
TAP_TAPCELL_ROW_77_309,VPWR,li1,260.5900,212.4660,1.800000
TAP_TAPCELL_ROW_77_308,VPWR,li1,234.8300,212.4660,1.800000
TAP_TAPCELL_ROW_77_307,VPWR,li1,209.0700,212.4660,1.799999
TAP_TAPCELL_ROW_77_306,VPWR,li1,183.3100,212.4660,1.799999
TAP_TAPCELL_ROW_77_305,VPWR,li1,157.5500,212.4660,1.799999
TAP_TAPCELL_ROW_77_304,VPWR,li1,131.7900,212.4660,1.799999
TAP_TAPCELL_ROW_77_303,VPWR,li1,106.0300,212.4660,1.799999
TAP_TAPCELL_ROW_77_302,VPWR,li1,80.2700,212.4660,1.799999
TAP_TAPCELL_ROW_77_301,VPWR,li1,54.5100,212.4660,1.800000
TAP_TAPCELL_ROW_77_300,VPWR,li1,28.7500,212.4660,1.800000
TAP_TAPCELL_ROW_76_299,VPWR,li1,324.9900,211.8530,1.800000
TAP_TAPCELL_ROW_76_298,VPWR,li1,299.2300,211.8530,1.800000
TAP_TAPCELL_ROW_76_297,VPWR,li1,273.4700,211.8530,1.800000
TAP_TAPCELL_ROW_76_296,VPWR,li1,247.7100,211.8530,1.800000
TAP_TAPCELL_ROW_76_295,VPWR,li1,221.9500,211.8530,1.800000
TAP_TAPCELL_ROW_76_294,VPWR,li1,196.1900,211.8530,1.799999
TAP_TAPCELL_ROW_76_293,VPWR,li1,170.4300,211.8530,1.799999
TAP_TAPCELL_ROW_76_292,VPWR,li1,144.6700,211.8530,1.799999
TAP_TAPCELL_ROW_76_291,VPWR,li1,118.9100,211.8530,1.799999
TAP_TAPCELL_ROW_76_290,VPWR,li1,93.1500,211.8530,1.799999
TAP_TAPCELL_ROW_76_289,VPWR,li1,67.3900,211.8530,1.799999
TAP_TAPCELL_ROW_76_288,VPWR,li1,41.6300,211.8530,1.800000
TAP_TAPCELL_ROW_76_287,VPWR,li1,15.8700,211.8530,1.800000
TAP_TAPCELL_ROW_75_286,VPWR,li1,312.1100,207.0260,1.800000
TAP_TAPCELL_ROW_75_285,VPWR,li1,286.3500,207.0260,1.800000
TAP_TAPCELL_ROW_75_284,VPWR,li1,260.5900,207.0260,1.800000
TAP_TAPCELL_ROW_75_283,VPWR,li1,234.8300,207.0260,1.799999
TAP_TAPCELL_ROW_75_282,VPWR,li1,209.0700,207.0260,1.799999
TAP_TAPCELL_ROW_75_281,VPWR,li1,183.3100,207.0260,1.799999
TAP_TAPCELL_ROW_75_280,VPWR,li1,157.5500,207.0260,1.799998
TAP_TAPCELL_ROW_75_279,VPWR,li1,131.7900,207.0260,1.799998
TAP_TAPCELL_ROW_75_278,VPWR,li1,106.0300,207.0260,1.799999
TAP_TAPCELL_ROW_75_277,VPWR,li1,80.2700,207.0260,1.799999
TAP_TAPCELL_ROW_75_276,VPWR,li1,54.5100,207.0260,1.799999
TAP_TAPCELL_ROW_75_275,VPWR,li1,28.7500,207.0260,1.800000
TAP_TAPCELL_ROW_74_274,VPWR,li1,324.9900,206.4130,1.800000
TAP_TAPCELL_ROW_74_273,VPWR,li1,299.2300,206.4130,1.800000
TAP_TAPCELL_ROW_74_272,VPWR,li1,273.4700,206.4130,1.800000
TAP_TAPCELL_ROW_74_271,VPWR,li1,247.7100,206.4130,1.800000
TAP_TAPCELL_ROW_74_270,VPWR,li1,221.9500,206.4130,1.799999
TAP_TAPCELL_ROW_74_269,VPWR,li1,196.1900,206.4130,1.799999
TAP_TAPCELL_ROW_74_268,VPWR,li1,170.4300,206.4130,1.799998
TAP_TAPCELL_ROW_74_267,VPWR,li1,144.6700,206.4130,1.799998
TAP_TAPCELL_ROW_74_266,VPWR,li1,118.9100,206.4130,1.799998
TAP_TAPCELL_ROW_74_265,VPWR,li1,93.1500,206.4130,1.799999
TAP_TAPCELL_ROW_74_264,VPWR,li1,67.3900,206.4130,1.799999
TAP_TAPCELL_ROW_74_263,VPWR,li1,41.6300,206.4130,1.799999
TAP_TAPCELL_ROW_74_262,VPWR,li1,15.8700,206.4130,1.800000
TAP_TAPCELL_ROW_73_261,VPWR,li1,312.1100,201.5860,1.800000
TAP_TAPCELL_ROW_73_260,VPWR,li1,286.3500,201.5860,1.800000
TAP_TAPCELL_ROW_73_259,VPWR,li1,260.5900,201.5860,1.800000
TAP_TAPCELL_ROW_73_258,VPWR,li1,234.8300,201.5860,1.800000
TAP_TAPCELL_ROW_73_257,VPWR,li1,209.0700,201.5860,1.799999
TAP_TAPCELL_ROW_73_256,VPWR,li1,183.3100,201.5860,1.799999
TAP_TAPCELL_ROW_73_255,VPWR,li1,157.5500,201.5860,1.799999
TAP_TAPCELL_ROW_73_254,VPWR,li1,131.7900,201.5860,1.799999
TAP_TAPCELL_ROW_73_253,VPWR,li1,106.0300,201.5860,1.799999
TAP_TAPCELL_ROW_73_252,VPWR,li1,80.2700,201.5860,1.799999
TAP_TAPCELL_ROW_73_251,VPWR,li1,54.5100,201.5860,1.800000
TAP_TAPCELL_ROW_73_250,VPWR,li1,28.7500,201.5860,1.800000
TAP_TAPCELL_ROW_72_249,VPWR,li1,324.9900,200.9730,1.800000
TAP_TAPCELL_ROW_72_248,VPWR,li1,299.2300,200.9730,1.800000
TAP_TAPCELL_ROW_72_247,VPWR,li1,273.4700,200.9730,1.800000
TAP_TAPCELL_ROW_72_246,VPWR,li1,247.7100,200.9730,1.800000
TAP_TAPCELL_ROW_72_245,VPWR,li1,221.9500,200.9730,1.799999
TAP_TAPCELL_ROW_72_244,VPWR,li1,196.1900,200.9730,1.799999
TAP_TAPCELL_ROW_72_243,VPWR,li1,170.4300,200.9730,1.799999
TAP_TAPCELL_ROW_72_242,VPWR,li1,144.6700,200.9730,1.799999
TAP_TAPCELL_ROW_72_241,VPWR,li1,118.9100,200.9730,1.799999
TAP_TAPCELL_ROW_72_240,VPWR,li1,93.1500,200.9730,1.799999
TAP_TAPCELL_ROW_72_239,VPWR,li1,67.3900,200.9730,1.799999
TAP_TAPCELL_ROW_72_238,VPWR,li1,41.6300,200.9730,1.800000
TAP_TAPCELL_ROW_72_237,VPWR,li1,15.8700,200.9730,1.800000
TAP_TAPCELL_ROW_71_236,VPWR,li1,312.1100,196.1460,1.800000
TAP_TAPCELL_ROW_71_235,VPWR,li1,286.3500,196.1460,1.800000
TAP_TAPCELL_ROW_71_234,VPWR,li1,260.5900,196.1460,1.800000
TAP_TAPCELL_ROW_71_233,VPWR,li1,234.8300,196.1460,1.800000
TAP_TAPCELL_ROW_71_232,VPWR,li1,209.0700,196.1460,1.799999
TAP_TAPCELL_ROW_71_231,VPWR,li1,183.3100,196.1460,1.799999
TAP_TAPCELL_ROW_71_230,VPWR,li1,157.5500,196.1460,1.799999
TAP_TAPCELL_ROW_71_229,VPWR,li1,131.7900,196.1460,1.799999
TAP_TAPCELL_ROW_71_228,VPWR,li1,106.0300,196.1460,1.799999
TAP_TAPCELL_ROW_71_227,VPWR,li1,80.2700,196.1460,1.799999
TAP_TAPCELL_ROW_71_226,VPWR,li1,54.5100,196.1460,1.799999
TAP_TAPCELL_ROW_71_225,VPWR,li1,28.7500,196.1460,1.800000
TAP_TAPCELL_ROW_70_224,VPWR,li1,324.9900,195.5330,1.800000
TAP_TAPCELL_ROW_70_223,VPWR,li1,299.2300,195.5330,1.800000
TAP_TAPCELL_ROW_70_222,VPWR,li1,273.4700,195.5330,1.800000
TAP_TAPCELL_ROW_70_221,VPWR,li1,247.7100,195.5330,1.800000
TAP_TAPCELL_ROW_70_220,VPWR,li1,221.9500,195.5330,1.799999
TAP_TAPCELL_ROW_70_219,VPWR,li1,196.1900,195.5330,1.799999
TAP_TAPCELL_ROW_70_218,VPWR,li1,170.4300,195.5330,1.799999
TAP_TAPCELL_ROW_70_217,VPWR,li1,144.6700,195.5330,1.799999
TAP_TAPCELL_ROW_70_216,VPWR,li1,118.9100,195.5330,1.799999
TAP_TAPCELL_ROW_70_215,VPWR,li1,93.1500,195.5330,1.799999
TAP_TAPCELL_ROW_70_214,VPWR,li1,67.3900,195.5330,1.799999
TAP_TAPCELL_ROW_70_213,VPWR,li1,41.6300,195.5330,1.799999
TAP_TAPCELL_ROW_70_212,VPWR,li1,15.8700,195.5330,1.800000
TAP_TAPCELL_ROW_69_211,VPWR,li1,312.1100,190.7060,1.800000
TAP_TAPCELL_ROW_69_210,VPWR,li1,286.3500,190.7060,1.800000
TAP_TAPCELL_ROW_69_209,VPWR,li1,260.5900,190.7060,1.800000
TAP_TAPCELL_ROW_69_208,VPWR,li1,234.8300,190.7060,1.800000
TAP_TAPCELL_ROW_69_207,VPWR,li1,209.0700,190.7060,1.799999
TAP_TAPCELL_ROW_69_206,VPWR,li1,183.3100,190.7060,1.799999
TAP_TAPCELL_ROW_69_205,VPWR,li1,157.5500,190.7060,1.799999
TAP_TAPCELL_ROW_69_204,VPWR,li1,131.7900,190.7060,1.799999
TAP_TAPCELL_ROW_69_203,VPWR,li1,106.0300,190.7060,1.799999
TAP_TAPCELL_ROW_69_202,VPWR,li1,80.2700,190.7060,1.799999
TAP_TAPCELL_ROW_69_201,VPWR,li1,54.5100,190.7060,1.799999
TAP_TAPCELL_ROW_69_200,VPWR,li1,28.7500,190.7060,1.800000
TAP_TAPCELL_ROW_68_199,VPWR,li1,324.9900,190.0930,1.800000
TAP_TAPCELL_ROW_68_198,VPWR,li1,299.2300,190.0930,1.800000
TAP_TAPCELL_ROW_68_197,VPWR,li1,273.4700,190.0930,1.800000
TAP_TAPCELL_ROW_68_196,VPWR,li1,247.7100,190.0930,1.800000
TAP_TAPCELL_ROW_68_195,VPWR,li1,221.9500,190.0930,1.799999
TAP_TAPCELL_ROW_68_194,VPWR,li1,196.1900,190.0930,1.799999
TAP_TAPCELL_ROW_68_193,VPWR,li1,170.4300,190.0930,1.799999
TAP_TAPCELL_ROW_68_192,VPWR,li1,144.6700,190.0930,1.799999
TAP_TAPCELL_ROW_68_191,VPWR,li1,118.9100,190.0930,1.799999
TAP_TAPCELL_ROW_68_190,VPWR,li1,93.1500,190.0930,1.799999
TAP_TAPCELL_ROW_68_189,VPWR,li1,67.3900,190.0930,1.799999
TAP_TAPCELL_ROW_68_188,VPWR,li1,41.6300,190.0930,1.799999
TAP_TAPCELL_ROW_68_187,VPWR,li1,15.8700,190.0930,1.800000
TAP_TAPCELL_ROW_67_186,VPWR,li1,324.9900,185.2660,1.800000
TAP_TAPCELL_ROW_67_185,VPWR,li1,312.1100,185.2660,1.800000
TAP_TAPCELL_ROW_67_184,VPWR,li1,299.2300,185.2660,1.800000
TAP_TAPCELL_ROW_67_183,VPWR,li1,286.3500,185.2660,1.800000
TAP_TAPCELL_ROW_67_182,VPWR,li1,273.4700,185.2660,1.800000
TAP_TAPCELL_ROW_67_181,VPWR,li1,260.5900,185.2660,1.800000
TAP_TAPCELL_ROW_67_180,VPWR,li1,247.7100,185.2660,1.800000
TAP_TAPCELL_ROW_67_179,VPWR,li1,234.8300,185.2660,1.800000
TAP_TAPCELL_ROW_67_178,VPWR,li1,221.9500,185.2660,1.800000
TAP_TAPCELL_ROW_67_177,VPWR,li1,209.0700,185.2660,1.800000
TAP_TAPCELL_ROW_67_176,VPWR,li1,196.1900,185.2660,1.800000
TAP_TAPCELL_ROW_67_175,VPWR,li1,183.3100,185.2660,1.800000
TAP_TAPCELL_ROW_67_174,VPWR,li1,170.4300,185.2660,1.799999
TAP_TAPCELL_ROW_67_173,VPWR,li1,157.5500,185.2660,1.799999
TAP_TAPCELL_ROW_67_172,VPWR,li1,144.6700,185.2660,1.800000
TAP_TAPCELL_ROW_67_171,VPWR,li1,131.7900,185.2660,1.800000
TAP_TAPCELL_ROW_67_170,VPWR,li1,118.9100,185.2660,1.800000
TAP_TAPCELL_ROW_67_169,VPWR,li1,106.0300,185.2660,1.800000
TAP_TAPCELL_ROW_67_168,VPWR,li1,93.1500,185.2660,1.800000
TAP_TAPCELL_ROW_67_167,VPWR,li1,80.2700,185.2660,1.800000
TAP_TAPCELL_ROW_67_166,VPWR,li1,67.3900,185.2660,1.800000
TAP_TAPCELL_ROW_67_165,VPWR,li1,54.5100,185.2660,1.800000
TAP_TAPCELL_ROW_67_164,VPWR,li1,41.6300,185.2660,1.800000
TAP_TAPCELL_ROW_67_163,VPWR,li1,28.7500,185.2660,1.800000
TAP_TAPCELL_ROW_67_162,VPWR,li1,15.8700,185.2660,1.800000
PHY_EDGE_ROW_80_Left_161,VPWR,li1,3.4500,223.0400,1.800000
PHY_EDGE_ROW_79_Left_160,VPWR,li1,3.4500,217.6000,1.800000
PHY_EDGE_ROW_78_Left_159,VPWR,li1,3.4500,217.6000,1.800000
PHY_EDGE_ROW_77_Left_158,VPWR,li1,3.4500,212.1600,1.800000
PHY_EDGE_ROW_76_Left_157,VPWR,li1,3.4500,212.1600,1.800000
PHY_EDGE_ROW_75_Left_156,VPWR,li1,3.4500,206.7200,1.800000
PHY_EDGE_ROW_74_Left_155,VPWR,li1,3.4500,206.7200,1.800000
PHY_EDGE_ROW_73_Left_154,VPWR,li1,3.4500,201.2800,1.800000
PHY_EDGE_ROW_72_Left_153,VPWR,li1,3.4500,201.2800,1.800000
PHY_EDGE_ROW_71_Left_152,VPWR,li1,3.4500,195.8400,1.800000
PHY_EDGE_ROW_70_Left_151,VPWR,li1,3.4500,195.8400,1.800000
PHY_EDGE_ROW_69_Left_150,VPWR,li1,3.4500,190.4000,1.800000
PHY_EDGE_ROW_68_Left_149,VPWR,li1,3.4500,190.4000,1.800000
PHY_EDGE_ROW_67_Left_148,VPWR,li1,3.4500,184.9600,1.800000
PHY_EDGE_ROW_0_2_Right_147,VPWR,li1,331.4300,5.4400,1.800000
PHY_EDGE_ROW_80_Right_146,VPWR,li1,331.4300,223.0400,1.800000
PHY_EDGE_ROW_79_Right_145,VPWR,li1,331.4300,217.6000,1.800000
PHY_EDGE_ROW_78_Right_144,VPWR,li1,331.4300,217.6000,1.800000
PHY_EDGE_ROW_77_Right_143,VPWR,li1,331.4300,212.1600,1.800000
PHY_EDGE_ROW_76_Right_142,VPWR,li1,331.4300,212.1600,1.800000
PHY_EDGE_ROW_75_Right_141,VPWR,li1,331.4300,206.7200,1.800000
PHY_EDGE_ROW_74_Right_140,VPWR,li1,331.4300,206.7200,1.800000
PHY_EDGE_ROW_73_Right_139,VPWR,li1,331.4300,201.2800,1.800000
PHY_EDGE_ROW_72_Right_138,VPWR,li1,331.4300,201.2800,1.800000
PHY_EDGE_ROW_71_Right_137,VPWR,li1,331.4300,195.8400,1.800000
PHY_EDGE_ROW_70_Right_136,VPWR,li1,331.4300,195.8400,1.800000
PHY_EDGE_ROW_69_Right_135,VPWR,li1,331.4300,190.4000,1.800000
PHY_EDGE_ROW_68_Right_134,VPWR,li1,331.4300,190.4000,1.800000
PHY_EDGE_ROW_67_Right_133,VPWR,li1,331.4300,184.9600,1.800000
PHY_EDGE_ROW_66_2_Right_132,VPWR,li1,331.4300,184.9600,1.800000
PHY_EDGE_ROW_65_2_Right_131,VPWR,li1,331.4300,179.5200,1.800000
PHY_EDGE_ROW_64_2_Right_130,VPWR,li1,331.4300,179.5200,1.800000
PHY_EDGE_ROW_63_2_Right_129,VPWR,li1,331.4300,174.0800,1.800000
PHY_EDGE_ROW_62_2_Right_128,VPWR,li1,331.4300,174.0800,1.800000
PHY_EDGE_ROW_61_2_Right_127,VPWR,li1,331.4300,168.6400,1.800000
PHY_EDGE_ROW_60_2_Right_126,VPWR,li1,331.4300,168.6400,1.800000
PHY_EDGE_ROW_59_2_Right_125,VPWR,li1,331.4300,163.2000,1.800000
PHY_EDGE_ROW_58_2_Right_124,VPWR,li1,331.4300,163.2000,1.800000
PHY_EDGE_ROW_57_2_Right_123,VPWR,li1,331.4300,157.7600,1.800000
PHY_EDGE_ROW_56_2_Right_122,VPWR,li1,331.4300,157.7600,1.800000
PHY_EDGE_ROW_55_2_Right_121,VPWR,li1,331.4300,152.3200,1.800000
PHY_EDGE_ROW_54_2_Right_120,VPWR,li1,331.4300,152.3200,1.800000
PHY_EDGE_ROW_53_2_Right_119,VPWR,li1,331.4300,146.8800,1.800000
PHY_EDGE_ROW_52_2_Right_118,VPWR,li1,331.4300,146.8800,1.800000
PHY_EDGE_ROW_51_2_Right_117,VPWR,li1,331.4300,141.4400,1.800000
PHY_EDGE_ROW_50_2_Right_116,VPWR,li1,331.4300,141.4400,1.800000
PHY_EDGE_ROW_49_2_Right_115,VPWR,li1,331.4300,136.0000,1.800000
PHY_EDGE_ROW_48_2_Right_114,VPWR,li1,331.4300,136.0000,1.800000
PHY_EDGE_ROW_47_2_Right_113,VPWR,li1,331.4300,130.5600,1.800000
PHY_EDGE_ROW_46_2_Right_112,VPWR,li1,331.4300,130.5600,1.800000
PHY_EDGE_ROW_45_2_Right_111,VPWR,li1,331.4300,125.1200,1.800000
PHY_EDGE_ROW_44_2_Right_110,VPWR,li1,331.4300,125.1200,1.800000
PHY_EDGE_ROW_43_2_Right_109,VPWR,li1,331.4300,119.6800,1.800000
PHY_EDGE_ROW_42_2_Right_108,VPWR,li1,331.4300,119.6800,1.800000
PHY_EDGE_ROW_41_2_Right_107,VPWR,li1,331.4300,114.2400,1.800000
PHY_EDGE_ROW_40_2_Right_106,VPWR,li1,331.4300,114.2400,1.800000
PHY_EDGE_ROW_39_2_Right_105,VPWR,li1,331.4300,108.8000,1.800000
PHY_EDGE_ROW_38_2_Right_104,VPWR,li1,331.4300,108.8000,1.800000
PHY_EDGE_ROW_37_2_Right_103,VPWR,li1,331.4300,103.3600,1.800000
PHY_EDGE_ROW_36_2_Right_102,VPWR,li1,331.4300,103.3600,1.800000
PHY_EDGE_ROW_35_2_Right_101,VPWR,li1,331.4300,97.9200,1.800000
PHY_EDGE_ROW_34_2_Right_100,VPWR,li1,331.4300,97.9200,1.800000
PHY_EDGE_ROW_33_2_Right_99,VPWR,li1,331.4300,92.4800,1.800000
PHY_EDGE_ROW_32_2_Right_98,VPWR,li1,331.4300,92.4800,1.800000
PHY_EDGE_ROW_31_2_Right_97,VPWR,li1,331.4300,87.0400,1.800000
PHY_EDGE_ROW_30_2_Right_96,VPWR,li1,331.4300,87.0400,1.800000
PHY_EDGE_ROW_29_2_Right_95,VPWR,li1,331.4300,81.6000,1.800000
PHY_EDGE_ROW_28_2_Right_94,VPWR,li1,331.4300,81.6000,1.800000
PHY_EDGE_ROW_27_2_Right_93,VPWR,li1,331.4300,76.1600,1.800000
PHY_EDGE_ROW_26_2_Right_92,VPWR,li1,331.4300,76.1600,1.800000
PHY_EDGE_ROW_25_2_Right_91,VPWR,li1,331.4300,70.7200,1.800000
PHY_EDGE_ROW_24_2_Right_90,VPWR,li1,331.4300,70.7200,1.800000
PHY_EDGE_ROW_23_2_Right_89,VPWR,li1,331.4300,65.2800,1.800000
PHY_EDGE_ROW_22_2_Right_88,VPWR,li1,331.4300,65.2800,1.800000
PHY_EDGE_ROW_21_2_Right_87,VPWR,li1,331.4300,59.8400,1.800000
PHY_EDGE_ROW_20_2_Right_86,VPWR,li1,331.4300,59.8400,1.800000
PHY_EDGE_ROW_19_2_Right_85,VPWR,li1,331.4300,54.4000,1.800000
PHY_EDGE_ROW_18_2_Right_84,VPWR,li1,331.4300,54.4000,1.800000
PHY_EDGE_ROW_17_2_Right_83,VPWR,li1,331.4300,48.9600,1.800000
PHY_EDGE_ROW_16_2_Right_82,VPWR,li1,331.4300,48.9600,1.800000
PHY_EDGE_ROW_15_2_Right_81,VPWR,li1,331.4300,43.5200,1.800000
PHY_EDGE_ROW_14_2_Right_80,VPWR,li1,331.4300,43.5200,1.800000
PHY_EDGE_ROW_13_2_Right_79,VPWR,li1,331.4300,38.0800,1.800000
PHY_EDGE_ROW_12_2_Right_78,VPWR,li1,331.4300,38.0800,1.800000
PHY_EDGE_ROW_11_2_Right_77,VPWR,li1,331.4300,32.6400,1.800000
PHY_EDGE_ROW_10_2_Right_76,VPWR,li1,331.4300,32.6400,1.800000
PHY_EDGE_ROW_9_2_Right_75,VPWR,li1,331.4300,27.2000,1.800000
PHY_EDGE_ROW_8_2_Right_74,VPWR,li1,331.4300,27.2000,1.800000
PHY_EDGE_ROW_7_2_Right_73,VPWR,li1,331.4300,21.7600,1.800000
PHY_EDGE_ROW_6_2_Right_72,VPWR,li1,331.4300,21.7600,1.800000
PHY_EDGE_ROW_5_2_Right_71,VPWR,li1,331.4300,16.3200,1.800000
PHY_EDGE_ROW_4_2_Right_70,VPWR,li1,331.4300,16.3200,1.800000
PHY_EDGE_ROW_3_2_Right_69,VPWR,li1,331.4300,10.8800,1.800000
PHY_EDGE_ROW_2_2_Right_68,VPWR,li1,331.4300,10.8800,1.800000
PHY_EDGE_ROW_1_2_Right_67,VPWR,li1,331.4300,5.4400,1.800000
PHY_EDGE_ROW_0_2_Left_66,VPWR,li1,318.5500,5.4400,1.800000
PHY_EDGE_ROW_66_2_Left_65,VPWR,li1,318.5500,184.9600,1.800000
PHY_EDGE_ROW_65_2_Left_64,VPWR,li1,318.5500,179.5200,1.800000
PHY_EDGE_ROW_64_2_Left_63,VPWR,li1,318.5500,179.5200,1.800000
PHY_EDGE_ROW_63_2_Left_62,VPWR,li1,318.5500,174.0800,1.800000
PHY_EDGE_ROW_62_2_Left_61,VPWR,li1,318.5500,174.0800,1.800000
PHY_EDGE_ROW_61_2_Left_60,VPWR,li1,318.5500,168.6400,1.800000
PHY_EDGE_ROW_60_2_Left_59,VPWR,li1,318.5500,168.6400,1.800000
PHY_EDGE_ROW_59_2_Left_58,VPWR,li1,318.5500,163.2000,1.800000
PHY_EDGE_ROW_58_2_Left_57,VPWR,li1,318.5500,163.2000,1.800000
PHY_EDGE_ROW_57_2_Left_56,VPWR,li1,318.5500,157.7600,1.800000
PHY_EDGE_ROW_56_2_Left_55,VPWR,li1,318.5500,157.7600,1.800000
PHY_EDGE_ROW_55_2_Left_54,VPWR,li1,318.5500,152.3200,1.800000
PHY_EDGE_ROW_54_2_Left_53,VPWR,li1,318.5500,152.3200,1.800000
PHY_EDGE_ROW_53_2_Left_52,VPWR,li1,318.5500,146.8800,1.800000
PHY_EDGE_ROW_52_2_Left_51,VPWR,li1,318.5500,146.8800,1.800000
PHY_EDGE_ROW_51_2_Left_50,VPWR,li1,318.5500,141.4400,1.800000
PHY_EDGE_ROW_50_2_Left_49,VPWR,li1,318.5500,141.4400,1.800000
PHY_EDGE_ROW_49_2_Left_48,VPWR,li1,318.5500,136.0000,1.800000
PHY_EDGE_ROW_48_2_Left_47,VPWR,li1,318.5500,136.0000,1.800000
PHY_EDGE_ROW_47_2_Left_46,VPWR,li1,318.5500,130.5600,1.800000
PHY_EDGE_ROW_46_2_Left_45,VPWR,li1,318.5500,130.5600,1.800000
PHY_EDGE_ROW_45_2_Left_44,VPWR,li1,318.5500,125.1200,1.800000
PHY_EDGE_ROW_44_2_Left_43,VPWR,li1,318.5500,125.1200,1.800000
PHY_EDGE_ROW_43_2_Left_42,VPWR,li1,318.5500,119.6800,1.800000
PHY_EDGE_ROW_42_2_Left_41,VPWR,li1,318.5500,119.6800,1.800000
PHY_EDGE_ROW_41_2_Left_40,VPWR,li1,318.5500,114.2400,1.800000
PHY_EDGE_ROW_40_2_Left_39,VPWR,li1,318.5500,114.2400,1.800000
PHY_EDGE_ROW_39_2_Left_38,VPWR,li1,318.5500,108.8000,1.800000
PHY_EDGE_ROW_38_2_Left_37,VPWR,li1,318.5500,108.8000,1.800000
PHY_EDGE_ROW_37_2_Left_36,VPWR,li1,318.5500,103.3600,1.800000
PHY_EDGE_ROW_36_2_Left_35,VPWR,li1,318.5500,103.3600,1.800000
PHY_EDGE_ROW_35_2_Left_34,VPWR,li1,318.5500,97.9200,1.800000
PHY_EDGE_ROW_34_2_Left_33,VPWR,li1,318.5500,97.9200,1.800000
PHY_EDGE_ROW_33_2_Left_32,VPWR,li1,318.5500,92.4800,1.800000
PHY_EDGE_ROW_32_2_Left_31,VPWR,li1,318.5500,92.4800,1.800000
PHY_EDGE_ROW_31_2_Left_30,VPWR,li1,318.5500,87.0400,1.800000
PHY_EDGE_ROW_30_2_Left_29,VPWR,li1,318.5500,87.0400,1.800000
PHY_EDGE_ROW_29_2_Left_28,VPWR,li1,318.5500,81.6000,1.800000
PHY_EDGE_ROW_28_2_Left_27,VPWR,li1,318.5500,81.6000,1.800000
PHY_EDGE_ROW_27_2_Left_26,VPWR,li1,318.5500,76.1600,1.800000
PHY_EDGE_ROW_26_2_Left_25,VPWR,li1,318.5500,76.1600,1.800000
PHY_EDGE_ROW_25_2_Left_24,VPWR,li1,318.5500,70.7200,1.800000
PHY_EDGE_ROW_24_2_Left_23,VPWR,li1,318.5500,70.7200,1.800000
PHY_EDGE_ROW_23_2_Left_22,VPWR,li1,318.5500,65.2800,1.800000
PHY_EDGE_ROW_22_2_Left_21,VPWR,li1,318.5500,65.2800,1.800000
PHY_EDGE_ROW_21_2_Left_20,VPWR,li1,318.5500,59.8400,1.800000
PHY_EDGE_ROW_20_2_Left_19,VPWR,li1,318.5500,59.8400,1.800000
PHY_EDGE_ROW_19_2_Left_18,VPWR,li1,318.5500,54.4000,1.800000
PHY_EDGE_ROW_18_2_Left_17,VPWR,li1,318.5500,54.4000,1.800000
PHY_EDGE_ROW_17_2_Left_16,VPWR,li1,318.5500,48.9600,1.800000
PHY_EDGE_ROW_16_2_Left_15,VPWR,li1,318.5500,48.9600,1.800000
PHY_EDGE_ROW_15_2_Left_14,VPWR,li1,318.5500,43.5200,1.800000
PHY_EDGE_ROW_14_2_Left_13,VPWR,li1,318.5500,43.5200,1.800000
PHY_EDGE_ROW_13_2_Left_12,VPWR,li1,318.5500,38.0800,1.800000
PHY_EDGE_ROW_12_2_Left_11,VPWR,li1,318.5500,38.0800,1.800000
PHY_EDGE_ROW_11_2_Left_10,VPWR,li1,318.5500,32.6400,1.800000
PHY_EDGE_ROW_10_2_Left_9,VPWR,li1,318.5500,32.6400,1.800000
PHY_EDGE_ROW_9_2_Left_8,VPWR,li1,318.5500,27.2000,1.800000
PHY_EDGE_ROW_8_2_Left_7,VPWR,li1,318.5500,27.2000,1.800000
PHY_EDGE_ROW_7_2_Left_6,VPWR,li1,318.5500,21.7600,1.800000
PHY_EDGE_ROW_6_2_Left_5,VPWR,li1,318.5500,21.7600,1.800000
PHY_EDGE_ROW_5_2_Left_4,VPWR,li1,318.5500,16.3200,1.800000
PHY_EDGE_ROW_4_2_Left_3,VPWR,li1,318.5500,16.3200,1.800000
PHY_EDGE_ROW_3_2_Left_2,VPWR,li1,318.5500,10.8800,1.800000
PHY_EDGE_ROW_2_2_Left_1,VPWR,li1,318.5500,10.8800,1.800000
PHY_EDGE_ROW_1_2_Left_0,VPWR,li1,318.5500,5.4400,1.800000
SRAM,vccd1,li1,157.3400,93.7850,1.800000
_667_,VPWR,li1,94.3000,217.6000,1.799999
_666_,VPWR,li1,79.1200,217.6000,1.799999
_643_,VPWR,li1,103.9600,217.6000,1.799999
_642_,VPWR,li1,201.0200,190.4000,1.799999
_641_,VPWR,li1,92.4600,217.6000,1.799999
_640_,VPWR,li1,236.4400,190.4000,1.800000
_639_,VPWR,li1,85.1000,212.1600,1.799999
_638_,VPWR,li1,112.2400,190.4000,1.799999
_637_,VPWR,li1,79.5800,206.7200,1.799999
_636_,VPWR,li1,191.3600,201.2800,1.799999
_635_,VPWR,li1,84.6400,201.2800,1.799999
_634_,VPWR,li1,254.3800,212.1600,1.800000
_633_,VPWR,li1,99.8200,201.2800,1.799999
_632_,VPWR,li1,44.1600,206.7200,1.799999
_631_,VPWR,li1,110.8600,206.7200,1.799999
_630_,VPWR,li1,62.5600,206.7200,1.799999
_629_,VPWR,li1,120.0600,212.1600,1.799999
_628_,VPWR,li1,123.7400,206.7200,1.799998
_627_,VPWR,li1,126.9600,217.6000,1.799999
_626_,VPWR,li1,125.5800,217.6000,1.799999
_625_,VPWR,li1,138.9200,212.1600,1.799999
_624_,VPWR,li1,110.8600,217.6000,1.799999
_623_,VPWR,li1,152.0300,217.6000,1.799999
_622_,VPWR,li1,142.1400,217.6000,1.799999
_621_,VPWR,li1,323.8400,27.2000,1.800000
_620_,VPWR,li1,323.8400,21.7600,1.800000
_619_,VPWR,li1,325.4500,59.8400,1.800000
_618_,VPWR,li1,324.7600,16.3200,1.800000
_617_,VPWR,li1,175.2600,195.8400,1.799999
_616_,VPWR,li1,170.6600,190.4000,1.799999
_615_,VPWR,li1,164.2200,206.7200,1.799998
_614_,VPWR,li1,165.1400,206.7200,1.799998
_613_,VPWR,li1,165.6000,217.6000,1.799999
_612_,VPWR,li1,165.1400,212.1600,1.799999
_611_,VPWR,li1,178.9400,217.6000,1.799999
_610_,VPWR,li1,172.9600,217.6000,1.799999
_609_,VPWR,li1,190.4400,217.6000,1.799999
_608_,VPWR,li1,188.1400,217.6000,1.799999
_607_,VPWR,li1,191.3600,201.2800,1.799999
_606_,VPWR,li1,190.4400,212.1600,1.799999
_605_,VPWR,li1,206.5400,190.4000,1.799999
_604_,VPWR,li1,96.6000,212.1600,1.799999
_603_,VPWR,li1,323.8400,179.5200,1.800000
_602_,VPWR,li1,320.1600,184.9600,1.800000
_601_,VPWR,li1,324.7600,146.8800,1.800000
_600_,VPWR,li1,324.7600,152.3200,1.800000
_599_,VPWR,li1,324.7600,119.6800,1.800000
_598_,VPWR,li1,324.7600,130.5600,1.800000
_597_,VPWR,li1,324.7600,76.1600,1.800000
_596_,VPWR,li1,324.7600,97.9200,1.800000
_595_,VPWR,li1,324.7600,43.5200,1.800000
_594_,VPWR,li1,324.7600,38.0800,1.800000
_593_,VPWR,li1,324.7600,65.2800,1.800000
_592_,VPWR,li1,324.7600,21.7600,1.800000
_591_,VPWR,li1,324.7600,108.8000,1.800000
_590_,VPWR,li1,324.7600,92.4800,1.800000
_589_,VPWR,li1,323.8400,174.0800,1.800000
_588_,VPWR,li1,324.3000,163.2000,1.800000
_587_,VPWR,li1,253.9200,190.4000,1.800000
_586_,VPWR,li1,263.1200,190.4000,1.800000
_585_,VPWR,li1,234.1400,195.8400,1.800000
_584_,VPWR,li1,85.5600,217.6000,1.799999
_583_,VPWR,li1,219.4200,206.7200,1.799999
_582_,VPWR,li1,223.1000,201.2800,1.799999
_581_,VPWR,li1,214.8200,217.6000,1.799999
_580_,VPWR,li1,215.2800,212.1600,1.800000
_579_,VPWR,li1,203.3200,217.6000,1.799999
_578_,VPWR,li1,209.3000,217.6000,1.799999
_577_,VPWR,li1,72.4500,217.6000,1.799999
_576_,VPWR,li1,67.6200,217.6000,1.799999
_575_,VPWR,li1,61.8700,217.6000,1.799999
_574_,VPWR,li1,52.4400,217.6000,1.799999
_573_,VPWR,li1,71.5300,190.4000,1.799999
_572_,VPWR,li1,65.3200,195.8400,1.799999
_571_,VPWR,li1,75.9000,190.4000,1.799999
_570_,VPWR,li1,72.2200,184.9600,1.800000
_569_,VPWR,li1,91.5400,190.4000,1.799999
_568_,VPWR,li1,87.4000,184.9600,1.800000
_567_,VPWR,li1,107.1800,190.4000,1.799999
_566_,VPWR,li1,101.2000,190.4000,1.799999
_565_,VPWR,li1,121.4400,190.4000,1.799999
_564_,VPWR,li1,78.2000,212.1600,1.799999
_563_,VPWR,li1,122.8200,201.2800,1.799999
_562_,VPWR,li1,116.8400,195.8400,1.799999
_561_,VPWR,li1,130.6400,201.2800,1.799999
_560_,VPWR,li1,126.9600,195.8400,1.799999
_559_,VPWR,li1,135.7000,190.4000,1.799999
_558_,VPWR,li1,126.5000,190.4000,1.799999
_557_,VPWR,li1,149.5000,195.8400,1.799999
_556_,VPWR,li1,139.8400,201.2800,1.799999
_555_,VPWR,li1,155.9400,190.4000,1.799999
_554_,VPWR,li1,151.3400,184.9600,1.800000
_553_,VPWR,li1,153.6400,201.2800,1.799999
_552_,VPWR,li1,147.2000,195.8400,1.799999
_551_,VPWR,li1,164.2200,195.8400,1.799999
_550_,VPWR,li1,152.7200,201.2800,1.799999
_549_,VPWR,li1,181.2400,201.2800,1.799999
_548_,VPWR,li1,178.4800,201.2800,1.799999
_547_,VPWR,li1,190.4400,190.4000,1.799999
_546_,VPWR,li1,188.1400,190.4000,1.799999
_545_,VPWR,li1,196.4200,195.8400,1.799999
_544_,VPWR,li1,75.4400,201.2800,1.799999
_543_,VPWR,li1,205.6200,206.7200,1.799999
_542_,VPWR,li1,202.4000,206.7200,1.799999
_541_,VPWR,li1,211.8300,195.8400,1.799999
_540_,VPWR,li1,208.8400,201.2800,1.799999
_539_,VPWR,li1,221.9500,190.4000,1.799999
_538_,VPWR,li1,219.8800,195.8400,1.799999
_537_,VPWR,li1,230.2300,201.2800,1.800000
_536_,VPWR,li1,229.0800,195.8400,1.800000
_535_,VPWR,li1,232.0700,212.1600,1.800000
_534_,VPWR,li1,230.0000,206.7200,1.799999
_533_,VPWR,li1,233.4500,217.6000,1.800000
_532_,VPWR,li1,230.0000,217.6000,1.799999
_531_,VPWR,li1,242.1900,212.1600,1.800000
_530_,VPWR,li1,242.8800,217.6000,1.800000
_529_,VPWR,li1,248.1700,190.4000,1.800000
_528_,VPWR,li1,246.5600,195.8400,1.800000
_527_,VPWR,li1,250.9300,201.2800,1.800000
_526_,VPWR,li1,252.5400,201.2800,1.800000
_525_,VPWR,li1,258.2900,212.1600,1.800000
_524_,VPWR,li1,99.8200,201.2800,1.799999
_523_,VPWR,li1,269.3300,201.2800,1.800000
_522_,VPWR,li1,265.4200,206.7200,1.800000
_521_,VPWR,li1,279.9100,201.2800,1.800000
_520_,VPWR,li1,277.8400,206.7200,1.800000
_519_,VPWR,li1,270.7100,190.4000,1.800000
_518_,VPWR,li1,266.8000,195.8400,1.800000
_517_,VPWR,li1,284.5100,190.4000,1.800000
_516_,VPWR,li1,280.6000,190.4000,1.800000
_515_,VPWR,li1,294.1700,190.4000,1.800000
_514_,VPWR,li1,294.4000,190.4000,1.800000
_513_,VPWR,li1,291.8700,195.8400,1.800000
_512_,VPWR,li1,289.8000,195.8400,1.800000
_511_,VPWR,li1,55.4300,195.8400,1.799999
_510_,VPWR,li1,47.8400,195.8400,1.799999
_509_,VPWR,li1,47.6100,184.9600,1.800000
_508_,VPWR,li1,36.8000,190.4000,1.799999
_507_,VPWR,li1,48.0700,190.4000,1.799999
_506_,VPWR,li1,36.8000,195.8400,1.800000
_505_,VPWR,li1,48.9900,201.2800,1.800000
_504_,VPWR,li1,104.4200,206.7200,1.799999
_503_,VPWR,li1,52.2100,206.7200,1.799999
_502_,VPWR,li1,46.4600,212.1600,1.800000
_501_,VPWR,li1,66.9300,201.2800,1.799999
_500_,VPWR,li1,136.6200,206.7200,1.799998
_499_,VPWR,li1,108.3300,212.1600,1.799999
_498_,VPWR,li1,113.3900,212.1600,1.799999
_497_,VPWR,li1,202.6300,195.8400,1.799999
_496_,VPWR,li1,203.0900,195.8400,1.799999
_495_,VPWR,li1,95.4500,223.0400,1.800000
_494_,VPWR,li1,103.2700,212.1600,1.799999
_493_,VPWR,li1,237.5900,184.9600,1.800000
_492_,VPWR,li1,243.1100,190.4000,1.800000
_491_,VPWR,li1,85.7900,212.1600,1.799999
_490_,VPWR,li1,95.4500,212.1600,1.799999
_489_,VPWR,li1,116.6100,190.4000,1.799999
_488_,VPWR,li1,121.2100,184.9600,1.800000
_487_,VPWR,li1,77.9700,195.8400,1.799999
_486_,VPWR,li1,83.4900,195.8400,1.799999
_485_,VPWR,li1,198.0300,201.2800,1.799999
_484_,VPWR,li1,198.4900,195.8400,1.799999
_483_,VPWR,li1,86.2500,201.2800,1.799999
_482_,VPWR,li1,91.3100,201.2800,1.799999
_481_,VPWR,li1,253.2300,206.7200,1.800000
_480_,VPWR,li1,258.2900,201.2800,1.800000
_479_,VPWR,li1,99.1300,195.8400,1.799999
_478_,VPWR,li1,108.3300,195.8400,1.799999
_477_,VPWR,li1,45.3100,201.2800,1.800000
_476_,VPWR,li1,57.7300,201.2800,1.799999
_475_,VPWR,li1,111.0900,206.7200,1.799999
_474_,VPWR,li1,112.4700,201.2800,1.799999
_473_,VPWR,li1,63.7100,206.7200,1.799999
_472_,VPWR,li1,65.0900,201.2800,1.799999
_471_,VPWR,li1,122.5900,206.7200,1.799998
_470_,VPWR,li1,130.4100,212.1600,1.799999
_469_,VPWR,li1,116.6100,212.1600,1.799999
_468_,VPWR,li1,121.2100,212.1600,1.799999
_467_,VPWR,li1,132.2500,217.6000,1.799999
_466_,VPWR,li1,129.4900,212.1600,1.799999
_465_,VPWR,li1,125.3500,212.1600,1.799999
_464_,VPWR,li1,127.1900,223.0400,1.800000
_463_,VPWR,li1,140.5300,212.1600,1.799999
_462_,VPWR,li1,145.1300,206.7200,1.799998
_461_,VPWR,li1,111.0900,223.0400,1.800000
_460_,VPWR,li1,112.4700,217.6000,1.799999
_459_,VPWR,li1,151.1100,217.6000,1.799999
_458_,VPWR,li1,152.9500,212.1600,1.799999
_457_,VPWR,li1,146.9700,217.6000,1.799999
_456_,VPWR,li1,146.9700,212.1600,1.799999
_455_,VPWR,li1,326.3700,27.2000,1.800000
_454_,VPWR,li1,321.3100,16.3200,1.800000
_453_,VPWR,li1,325.4500,16.3200,1.800000
_452_,VPWR,li1,321.3100,27.2000,1.800000
_451_,VPWR,li1,324.5300,54.4000,1.800000
_450_,VPWR,li1,324.9900,10.8800,1.800000
_449_,VPWR,li1,321.3100,10.8800,1.800000
_448_,VPWR,li1,325.4500,10.8800,1.800000
_447_,VPWR,li1,177.3300,190.4000,1.799999
_446_,VPWR,li1,172.7300,184.9600,1.799999
_445_,VPWR,li1,173.1900,190.4000,1.799999
_444_,VPWR,li1,179.1700,184.9600,1.800000
_443_,VPWR,li1,165.8300,212.1600,1.799999
_442_,VPWR,li1,166.7500,201.2800,1.799999
_441_,VPWR,li1,172.7300,206.7200,1.799999
_440_,VPWR,li1,170.8900,201.2800,1.799999
_439_,VPWR,li1,166.2900,217.6000,1.799999
_438_,VPWR,li1,172.7300,212.1600,1.799999
_437_,VPWR,li1,166.7500,223.0400,1.800000
_436_,VPWR,li1,171.8100,212.1600,1.799999
_435_,VPWR,li1,178.2500,212.1600,1.799999
_434_,VPWR,li1,177.3300,212.1600,1.799999
_433_,VPWR,li1,174.1100,223.0400,1.800000
_432_,VPWR,li1,179.6300,217.6000,1.799999
_431_,VPWR,li1,189.2900,223.0400,1.800000
_430_,VPWR,li1,186.9900,212.1600,1.799999
_429_,VPWR,li1,195.2700,212.1600,1.799999
_428_,VPWR,li1,194.8100,217.6000,1.799999
_427_,VPWR,li1,186.0700,206.7200,1.799999
_426_,VPWR,li1,191.1300,206.7200,1.799999
_425_,VPWR,li1,191.1300,212.1600,1.799999
_424_,VPWR,li1,198.4900,206.7200,1.799999
_423_,VPWR,li1,206.7700,184.9600,1.800000
_422_,VPWR,li1,202.6300,184.9600,1.800000
_421_,VPWR,li1,99.1300,217.6000,1.799999
_420_,VPWR,li1,97.2900,217.6000,1.799999
_419_,VPWR,li1,325.4500,179.5200,1.800000
_418_,VPWR,li1,321.3100,179.5200,1.800000
_417_,VPWR,li1,321.3100,184.9600,1.800000
_416_,VPWR,li1,319.4700,190.4000,1.800000
_415_,VPWR,li1,324.5300,146.8800,1.800000
_414_,VPWR,li1,323.6100,141.4400,1.800000
_413_,VPWR,li1,324.9900,152.3200,1.800000
_412_,VPWR,li1,324.9900,157.7600,1.800000
_411_,VPWR,li1,324.9900,125.1200,1.800000
_410_,VPWR,li1,324.5300,114.2400,1.800000
_409_,VPWR,li1,324.9900,130.5600,1.800000
_408_,VPWR,li1,324.9900,136.0000,1.800000
_407_,VPWR,li1,328.6700,81.6000,1.800000
_406_,VPWR,li1,324.5300,81.6000,1.800000
_405_,VPWR,li1,324.9900,97.9200,1.800000
_404_,VPWR,li1,324.9900,103.3600,1.800000
_403_,VPWR,li1,324.9900,43.5200,1.800000
_402_,VPWR,li1,324.0700,32.6400,1.800000
_401_,VPWR,li1,324.9900,38.0800,1.800000
_400_,VPWR,li1,324.9900,54.4000,1.800000
_399_,VPWR,li1,324.9900,59.8400,1.800000
_398_,VPWR,li1,325.4500,32.6400,1.800000
_397_,VPWR,li1,328.2100,32.6400,1.800000
_396_,VPWR,li1,324.9900,48.9600,1.800000
_395_,VPWR,li1,324.9900,103.3600,1.800000
_394_,VPWR,li1,324.5300,87.0400,1.800000
_393_,VPWR,li1,324.9900,92.4800,1.800000
_392_,VPWR,li1,328.6700,87.0400,1.800000
_391_,VPWR,li1,321.7700,168.6400,1.800000
_390_,VPWR,li1,321.7700,163.2000,1.800000
_389_,VPWR,li1,326.8300,163.2000,1.800000
_388_,VPWR,li1,324.9900,168.6400,1.800000
_387_,VPWR,li1,255.0700,190.4000,1.800000
_386_,VPWR,li1,253.6900,184.9600,1.800000
_385_,VPWR,li1,258.2900,184.9600,1.800000
_384_,VPWR,li1,267.0300,184.9600,1.800000
_383_,VPWR,li1,232.5300,190.4000,1.799999
_382_,VPWR,li1,231.6100,184.9600,1.800000
_381_,VPWR,li1,88.0900,206.7200,1.799999
_380_,VPWR,li1,89.9300,212.1600,1.799999
_379_,VPWR,li1,219.1900,212.1600,1.800000
_378_,VPWR,li1,219.6500,201.2800,1.799999
_377_,VPWR,li1,229.7700,201.2800,1.800000
_376_,VPWR,li1,237.1300,201.2800,1.800000
_375_,VPWR,li1,215.5100,223.0400,1.800000
_374_,VPWR,li1,224.2500,212.1600,1.800000
_373_,VPWR,li1,224.2500,217.6000,1.799999
_372_,VPWR,li1,221.9500,212.1600,1.800000
_371_,VPWR,li1,205.3900,212.1600,1.799999
_370_,VPWR,li1,212.2900,212.1600,1.800000
_369_,VPWR,li1,211.3700,223.0400,1.800000
_368_,VPWR,li1,215.9700,217.6000,1.799999
_367_,VPWR,li1,70.6100,212.1600,1.799999
_366_,VPWR,li1,74.2900,217.6000,1.799999
_365_,VPWR,li1,82.5700,217.6000,1.799999
_364_,VPWR,li1,62.3300,212.1600,1.799999
_363_,VPWR,li1,60.0300,217.6000,1.799999
_362_,VPWR,li1,66.4700,212.1600,1.799999
_361_,VPWR,li1,64.6300,190.4000,1.799999
_360_,VPWR,li1,65.0900,195.8400,1.799999
_359_,VPWR,li1,71.9900,195.8400,1.799999
_358_,VPWR,li1,82.5700,190.4000,1.799999
_357_,VPWR,li1,71.5300,195.8400,1.799999
_356_,VPWR,li1,76.1300,195.8400,1.799999
_355_,VPWR,li1,95.4500,184.9600,1.800000
_354_,VPWR,li1,87.6300,195.8400,1.799999
_353_,VPWR,li1,95.4500,190.4000,1.799999
_352_,VPWR,li1,107.4100,195.8400,1.799999
_351_,VPWR,li1,103.2700,195.8400,1.799999
_350_,VPWR,li1,109.2500,184.9600,1.800000
_349_,VPWR,li1,121.2100,195.8400,1.799999
_348_,VPWR,li1,77.9700,206.7200,1.799999
_347_,VPWR,li1,83.9500,206.7200,1.799999
_346_,VPWR,li1,122.5900,201.2800,1.799999
_345_,VPWR,li1,116.6100,201.2800,1.799999
_344_,VPWR,li1,125.3500,195.8400,1.799999
_343_,VPWR,li1,134.0900,201.2800,1.799999
_342_,VPWR,li1,129.4900,201.2800,1.799999
_341_,VPWR,li1,134.0900,195.8400,1.799999
_340_,VPWR,li1,136.3900,184.9600,1.800000
_339_,VPWR,li1,134.0900,190.4000,1.799999
_338_,VPWR,li1,142.3700,190.4000,1.799999
_337_,VPWR,li1,146.0500,201.2800,1.799999
_336_,VPWR,li1,140.5300,195.8400,1.799999
_335_,VPWR,li1,146.5100,190.4000,1.799999
_334_,VPWR,li1,159.8500,184.9600,1.799999
_333_,VPWR,li1,149.2700,190.4000,1.799999
_332_,VPWR,li1,155.2500,190.4000,1.799999
_331_,VPWR,li1,153.8700,195.8400,1.799999
_330_,VPWR,li1,146.9700,201.2800,1.799999
_329_,VPWR,li1,156.1700,195.8400,1.799999
_328_,VPWR,li1,162.6100,201.2800,1.799999
_327_,VPWR,li1,158.4700,206.7200,1.799998
_326_,VPWR,li1,163.9900,195.8400,1.799999
_325_,VPWR,li1,185.6100,195.8400,1.799999
_324_,VPWR,li1,176.8700,206.7200,1.799999
_323_,VPWR,li1,180.0900,195.8400,1.799999
_322_,VPWR,li1,190.2100,195.8400,1.799999
_321_,VPWR,li1,186.0700,195.8400,1.799999
_320_,VPWR,li1,198.4900,184.9600,1.800000
_319_,VPWR,li1,198.4900,201.2800,1.799999
_318_,VPWR,li1,86.2500,206.7200,1.799999
_317_,VPWR,li1,77.9700,201.2800,1.799999
_316_,VPWR,li1,212.2900,206.7200,1.799999
_315_,VPWR,li1,203.0900,212.1600,1.799999
_314_,VPWR,li1,203.5500,201.2800,1.799999
_313_,VPWR,li1,214.5900,206.7200,1.799999
_312_,VPWR,li1,211.3700,190.4000,1.799999
_311_,VPWR,li1,211.3700,195.8400,1.799999
_310_,VPWR,li1,224.2500,190.4000,1.799999
_309_,VPWR,li1,219.6500,195.8400,1.799999
_308_,VPWR,li1,219.1900,190.4000,1.799999
_307_,VPWR,li1,233.4500,206.7200,1.799999
_306_,VPWR,li1,237.1300,195.8400,1.800000
_305_,VPWR,li1,227.4700,195.8400,1.800000
_304_,VPWR,li1,237.1300,206.7200,1.799999
_303_,VPWR,li1,241.2700,206.7200,1.799999
_302_,VPWR,li1,237.5900,206.7200,1.799999
_301_,VPWR,li1,237.1300,217.6000,1.800000
_300_,VPWR,li1,232.5300,223.0400,1.800000
_299_,VPWR,li1,237.1300,212.1600,1.800000
_298_,VPWR,li1,243.1100,212.1600,1.800000
_297_,VPWR,li1,247.2500,212.1600,1.800000
_296_,VPWR,li1,245.4100,206.7200,1.800000
_295_,VPWR,li1,245.4100,195.8400,1.800000
_294_,VPWR,li1,257.3700,195.8400,1.800000
_293_,VPWR,li1,253.2300,195.8400,1.800000
_292_,VPWR,li1,250.4700,206.7200,1.800000
_291_,VPWR,li1,245.4100,201.2800,1.800000
_290_,VPWR,li1,254.1500,195.8400,1.800000
_289_,VPWR,li1,269.7900,212.1600,1.800000
_288_,VPWR,li1,106.4900,201.2800,1.799999
_287_,VPWR,li1,91.7700,195.8400,1.799999
_286_,VPWR,li1,276.2300,195.8400,1.800000
_285_,VPWR,li1,265.6500,212.1600,1.800000
_284_,VPWR,li1,267.0300,206.7200,1.800000
_283_,VPWR,li1,278.5300,206.7200,1.800000
_282_,VPWR,li1,282.6700,206.7200,1.800000
_281_,VPWR,li1,279.9100,201.2800,1.800000
_280_,VPWR,li1,270.2500,190.4000,1.800000
_279_,VPWR,li1,272.0900,195.8400,1.800000
_278_,VPWR,li1,275.7700,195.8400,1.800000
_277_,VPWR,li1,288.6500,184.9600,1.800000
_276_,VPWR,li1,280.8300,195.8400,1.800000
_275_,VPWR,li1,277.1500,190.4000,1.800000
_274_,VPWR,li1,292.7900,184.9600,1.800000
_273_,VPWR,li1,301.5300,184.9600,1.800000
_272_,VPWR,li1,296.9300,184.9600,1.800000
_271_,VPWR,li1,288.1900,201.2800,1.800000
_270_,VPWR,li1,292.3300,201.2800,1.800000
_269_,VPWR,li1,296.4700,195.8400,1.800000
_268_,VPWR,li1,56.8100,195.8400,1.799999
_267_,VPWR,li1,53.5900,201.2800,1.800000
_266_,VPWR,li1,60.4900,190.4000,1.799999
_265_,VPWR,li1,45.7700,190.4000,1.799999
_264_,VPWR,li1,46.2300,195.8400,1.799999
_263_,VPWR,li1,54.0500,190.4000,1.799999
_262_,VPWR,li1,40.7100,190.4000,1.799999
_261_,VPWR,li1,36.5700,190.4000,1.799999
_260_,VPWR,li1,49.9100,190.4000,1.799999
_259_,VPWR,li1,49.4500,201.2800,1.800000
_258_,VPWR,li1,103.7300,206.7200,1.799999
_257_,VPWR,li1,108.3300,201.2800,1.799999
_256_,VPWR,li1,52.2100,206.7200,1.799999
_255_,VPWR,li1,53.1300,212.1600,1.800000
_254_,VPWR,li1,56.8100,201.2800,1.799999
_253_,VPWR,li1,69.6900,206.7200,1.799999
_252_,VPWR,li1,288.6500,206.7200,1.800000
_251_,VPWR,li1,136.3900,212.1600,1.799999
_250_,VPWR,li1,137.3100,217.6000,1.799999
